"mostlovedproducts","price","quantity","quantity_bought","date","customers","cust_age","sex","product_revenue","product_left"
"IdealMats16","76.05",60,10,"2023-11-22","KachiFlavian166",23,"F","760.50",50
"IdealMats16","76.05",60,10,"2023-11-22","KachiFlavian76",33,"F","760.50",50
"IdealMats16","76.05",60,10,"2023-11-22","KachiFlavian226",23,"F","760.50",50
"IdealMats16","76.05",60,10,"2023-11-22","KachiFlavian76",33,"F","760.50",50
"IdealMats16","76.05",60,10,"2023-11-22","KachiFlavian136",33,"F","760.50",50
"IdealMats16","76.05",60,10,"2023-11-22","KachiFlavian286",23,"F","760.50",50
"IdealMats16","76.05",60,10,"2023-11-22","KachiFlavian16",33,"F","760.50",50
"IdealMats16","76.05",60,10,"2023-11-22","KachiFlavian16",33,"F","760.50",50
"IdealMats16","76.05",60,10,"2023-11-22","KachiFlavian256",33,"F","760.50",50
"IdealMats16","76.05",60,10,"2023-11-22","KachiFlavian46",23,"F","760.50",50
"IdealMats16","76.05",60,10,"2023-11-22","KachiFlavian46",23,"F","760.50",50
"IdealMats16","76.05",60,10,"2023-11-22","KachiFlavian196",33,"F","760.50",50
"IdealMats16","76.05",60,10,"2023-11-22","KachiFlavian286",23,"F","760.50",50
"IdealMats16","76.05",60,10,"2023-11-22","KachiFlavian226",23,"F","760.50",50
"IdealMats16","76.05",60,10,"2023-11-22","KachiFlavian106",23,"F","760.50",50
"IdealMats16","76.05",60,10,"2023-11-22","KachiFlavian46",23,"F","760.50",50
"IdealMats16","76.05",60,10,"2023-11-22","KachiFlavian196",33,"F","760.50",50
"IdealMats16","76.05",60,10,"2023-11-22","KachiFlavian136",33,"F","760.50",50
"IdealMats16","76.05",60,10,"2023-11-22","KachiFlavian106",23,"F","760.50",50
"IdealMats16","76.05",60,10,"2023-11-22","KachiFlavian286",23,"F","760.50",50
"IdealMats16","76.05",60,10,"2023-11-22","KachiFlavian136",33,"F","760.50",50
"IdealMats16","76.05",60,10,"2023-11-22","KachiFlavian196",33,"F","760.50",50
"IdealMats16","76.05",60,10,"2023-11-22","KachiFlavian256",33,"F","760.50",50
"IdealMats16","76.05",60,10,"2023-11-22","KachiFlavian76",33,"F","760.50",50
"IdealMats16","76.05",60,10,"2023-11-22","KachiFlavian256",33,"F","760.50",50
"IdealMats16","76.05",60,10,"2023-11-22","KachiFlavian166",23,"F","760.50",50
"IdealMats16","76.05",60,10,"2023-11-22","KachiFlavian16",33,"F","760.50",50
"IdealMats16","76.05",60,10,"2023-11-22","KachiFlavian76",33,"F","760.50",50
"IdealMats16","76.05",60,10,"2023-11-22","KachiFlavian106",23,"F","760.50",50
"IdealMats16","76.05",60,10,"2023-11-22","KachiFlavian46",23,"F","760.50",50
"IdealMats16","76.05",60,10,"2023-11-22","KachiFlavian166",23,"F","760.50",50
"IdealMats16","76.05",60,10,"2023-11-22","KachiFlavian226",23,"F","760.50",50
"IdealMats16","76.05",60,10,"2023-11-22","KachiFlavian16",33,"F","760.50",50
"IdealMats21","66.91",10,10,"2023-11-17","KachiFlavian291",28,"M","669.10",0
"IdealMats21","66.91",10,10,"2023-11-17","KachiFlavian21",18,"M","669.10",0
"IdealMats21","66.91",10,10,"2023-11-17","KachiFlavian141",18,"M","669.10",0
"IdealMats21","66.91",10,10,"2023-11-17","KachiFlavian171",28,"M","669.10",0
"IdealMats21","66.91",10,10,"2023-11-17","KachiFlavian111",28,"M","669.10",0
"IdealMats21","66.91",10,10,"2023-11-17","KachiFlavian201",18,"M","669.10",0
"IdealMats21","66.91",10,10,"2023-11-17","KachiFlavian21",18,"M","669.10",0
"IdealMats21","66.91",10,10,"2023-11-17","KachiFlavian171",28,"M","669.10",0
"IdealMats21","66.91",10,10,"2023-11-17","KachiFlavian81",18,"M","669.10",0
"IdealMats21","66.91",10,10,"2023-11-17","KachiFlavian51",28,"M","669.10",0
"IdealMats21","66.91",10,10,"2023-11-17","KachiFlavian291",28,"M","669.10",0
"IdealMats21","66.91",10,10,"2023-11-17","KachiFlavian231",28,"M","669.10",0
"IdealMats21","66.91",10,10,"2023-11-17","KachiFlavian51",28,"M","669.10",0
"IdealMats21","66.91",10,10,"2023-11-17","KachiFlavian51",28,"M","669.10",0
"IdealMats21","66.91",10,10,"2023-11-17","KachiFlavian21",18,"M","669.10",0
"IdealMats21","66.91",10,10,"2023-11-17","KachiFlavian201",18,"M","669.10",0
"IdealMats21","66.91",10,10,"2023-11-17","KachiFlavian81",18,"M","669.10",0
"IdealMats21","66.91",10,10,"2023-11-17","KachiFlavian81",18,"M","669.10",0
"IdealMats21","66.91",10,10,"2023-11-17","KachiFlavian21",18,"M","669.10",0
"IdealMats21","66.91",10,10,"2023-11-17","KachiFlavian81",18,"M","669.10",0
"IdealMats21","66.91",10,10,"2023-11-17","KachiFlavian111",28,"M","669.10",0
"IdealMats21","66.91",10,10,"2023-11-17","KachiFlavian261",18,"M","669.10",0
"IdealMats21","66.91",10,10,"2023-11-17","KachiFlavian291",28,"M","669.10",0
"IdealMats21","66.91",10,10,"2023-11-17","KachiFlavian201",18,"M","669.10",0
"IdealMats21","66.91",10,10,"2023-11-17","KachiFlavian141",18,"M","669.10",0
"IdealMats21","66.91",10,10,"2023-11-17","KachiFlavian141",18,"M","669.10",0
"IdealMats21","66.91",10,10,"2023-11-17","KachiFlavian111",28,"M","669.10",0
"IdealMats21","66.91",10,10,"2023-11-17","KachiFlavian261",18,"M","669.10",0
"IdealMats21","66.91",10,10,"2023-11-17","KachiFlavian261",18,"M","669.10",0
"IdealMats21","66.91",10,10,"2023-11-17","KachiFlavian231",28,"M","669.10",0
"IdealMats21","66.91",10,10,"2023-11-17","KachiFlavian171",28,"M","669.10",0
"IdealMats21","66.91",10,10,"2023-11-17","KachiFlavian231",28,"M","669.10",0
"IdealMats21","66.91",10,10,"2023-11-17","KachiFlavian51",28,"M","669.10",0
"IdealMats26","65.84",60,10,"2023-11-12","KachiFlavian176",33,"F","658.40",50
"IdealMats26","65.84",60,10,"2023-11-12","KachiFlavian206",23,"F","658.40",50
"IdealMats26","65.84",60,10,"2023-11-12","KachiFlavian146",23,"F","658.40",50
"IdealMats26","65.84",60,10,"2023-11-12","KachiFlavian266",23,"F","658.40",50
"IdealMats26","65.84",60,10,"2023-11-12","KachiFlavian56",33,"F","658.40",50
"IdealMats26","65.84",60,10,"2023-11-12","KachiFlavian116",33,"F","658.40",50
"IdealMats26","65.84",60,10,"2023-11-12","KachiFlavian176",33,"F","658.40",50
"IdealMats26","65.84",60,10,"2023-11-12","KachiFlavian86",23,"F","658.40",50
"IdealMats26","65.84",60,10,"2023-11-12","KachiFlavian146",23,"F","658.40",50
"IdealMats26","65.84",60,10,"2023-11-12","KachiFlavian266",23,"F","658.40",50
"IdealMats26","65.84",60,10,"2023-11-12","KachiFlavian296",33,"F","658.40",50
"IdealMats26","65.84",60,10,"2023-11-12","KachiFlavian296",33,"F","658.40",50
"IdealMats26","65.84",60,10,"2023-11-12","KachiFlavian56",33,"F","658.40",50
"IdealMats26","65.84",60,10,"2023-11-12","KachiFlavian86",23,"F","658.40",50
"IdealMats26","65.84",60,10,"2023-11-12","KachiFlavian116",33,"F","658.40",50
"IdealMats26","65.84",60,10,"2023-11-12","KachiFlavian146",23,"F","658.40",50
"IdealMats26","65.84",60,10,"2023-11-12","KachiFlavian236",33,"F","658.40",50
"IdealMats26","65.84",60,10,"2023-11-12","KachiFlavian26",23,"F","658.40",50
"IdealMats26","65.84",60,10,"2023-11-12","KachiFlavian206",23,"F","658.40",50
"IdealMats26","65.84",60,10,"2023-11-12","KachiFlavian116",33,"F","658.40",50
"IdealMats26","65.84",60,10,"2023-11-12","KachiFlavian56",33,"F","658.40",50
"IdealMats26","65.84",60,10,"2023-11-12","KachiFlavian206",23,"F","658.40",50
"IdealMats26","65.84",60,10,"2023-11-12","KachiFlavian86",23,"F","658.40",50
"IdealMats26","65.84",60,10,"2023-11-12","KachiFlavian236",33,"F","658.40",50
"IdealMats26","65.84",60,10,"2023-11-12","KachiFlavian26",23,"F","658.40",50
"IdealMats26","65.84",60,10,"2023-11-12","KachiFlavian296",33,"F","658.40",50
"IdealMats26","65.84",60,10,"2023-11-12","KachiFlavian266",23,"F","658.40",50
"IdealMats26","65.84",60,10,"2023-11-12","KachiFlavian56",33,"F","658.40",50
"IdealMats26","65.84",60,10,"2023-11-12","KachiFlavian236",33,"F","658.40",50
"IdealMats26","65.84",60,10,"2023-11-12","KachiFlavian26",23,"F","658.40",50
"IdealMats26","65.84",60,10,"2023-11-12","KachiFlavian86",23,"F","658.40",50
"IdealMats26","65.84",60,10,"2023-11-12","KachiFlavian176",33,"F","658.40",50
"IdealMats26","65.84",60,10,"2023-11-12","KachiFlavian26",23,"F","658.40",50
"IdealMats20","73.46",100,8,"2023-11-18","KachiFlavian20",37,"F","587.68",92
"IdealMats20","73.46",100,8,"2023-11-18","KachiFlavian170",27,"F","587.68",92
"IdealMats20","73.46",100,8,"2023-11-18","KachiFlavian110",27,"F","587.68",92
"IdealMats20","73.46",100,8,"2023-11-18","KachiFlavian230",27,"F","587.68",92
"IdealMats20","73.46",100,8,"2023-11-18","KachiFlavian20",37,"F","587.68",92
"IdealMats20","73.46",100,8,"2023-11-18","KachiFlavian80",37,"F","587.68",92
"IdealMats20","73.46",100,8,"2023-11-18","KachiFlavian80",37,"F","587.68",92
"IdealMats20","73.46",100,8,"2023-11-18","KachiFlavian110",27,"F","587.68",92
"IdealMats20","73.46",100,8,"2023-11-18","KachiFlavian50",27,"F","587.68",92
"IdealMats20","73.46",100,8,"2023-11-18","KachiFlavian290",27,"F","587.68",92
"IdealMats20","73.46",100,8,"2023-11-18","KachiFlavian200",37,"F","587.68",92
"IdealMats20","73.46",100,8,"2023-11-18","KachiFlavian260",37,"F","587.68",92
"IdealMats20","73.46",100,8,"2023-11-18","KachiFlavian20",37,"F","587.68",92
"IdealMats20","73.46",100,8,"2023-11-18","KachiFlavian140",37,"F","587.68",92
"IdealMats20","73.46",100,8,"2023-11-18","KachiFlavian140",37,"F","587.68",92
"IdealMats20","73.46",100,8,"2023-11-18","KachiFlavian170",27,"F","587.68",92
"IdealMats20","73.46",100,8,"2023-11-18","KachiFlavian200",37,"F","587.68",92
"IdealMats20","73.46",100,8,"2023-11-18","KachiFlavian140",37,"F","587.68",92
"IdealMats20","73.46",100,8,"2023-11-18","KachiFlavian110",27,"F","587.68",92
"IdealMats20","73.46",100,8,"2023-11-18","KachiFlavian230",27,"F","587.68",92
"IdealMats20","73.46",100,8,"2023-11-18","KachiFlavian260",37,"F","587.68",92
"IdealMats20","73.46",100,8,"2023-11-18","KachiFlavian20",37,"F","587.68",92
"IdealMats20","73.46",100,8,"2023-11-18","KachiFlavian50",27,"F","587.68",92
"IdealMats20","73.46",100,8,"2023-11-18","KachiFlavian290",27,"F","587.68",92
"IdealMats20","73.46",100,8,"2023-11-18","KachiFlavian50",27,"F","587.68",92
"IdealMats20","73.46",100,8,"2023-11-18","KachiFlavian230",27,"F","587.68",92
"IdealMats20","73.46",100,8,"2023-11-18","KachiFlavian200",37,"F","587.68",92
"IdealMats20","73.46",100,8,"2023-11-18","KachiFlavian80",37,"F","587.68",92
"IdealMats20","73.46",100,8,"2023-11-18","KachiFlavian290",27,"F","587.68",92
"IdealMats20","73.46",100,8,"2023-11-18","KachiFlavian170",27,"F","587.68",92
"IdealMats20","73.46",100,8,"2023-11-18","KachiFlavian80",37,"F","587.68",92
"IdealMats20","73.46",100,8,"2023-11-18","KachiFlavian260",37,"F","587.68",92
"IdealMats20","73.46",100,8,"2023-11-18","KachiFlavian50",27,"F","587.68",92
"IdealMats25","71.08",50,8,"2023-11-13","KachiFlavian115",32,"M","568.64",42
"IdealMats25","71.08",50,8,"2023-11-13","KachiFlavian295",32,"M","568.64",42
"IdealMats25","71.08",50,8,"2023-11-13","KachiFlavian115",32,"M","568.64",42
"IdealMats25","71.08",50,8,"2023-11-13","KachiFlavian85",22,"M","568.64",42
"IdealMats25","71.08",50,8,"2023-11-13","KachiFlavian55",32,"M","568.64",42
"IdealMats25","71.08",50,8,"2023-11-13","KachiFlavian55",32,"M","568.64",42
"IdealMats25","71.08",50,8,"2023-11-13","KachiFlavian85",22,"M","568.64",42
"IdealMats25","71.08",50,8,"2023-11-13","KachiFlavian25",22,"M","568.64",42
"IdealMats25","71.08",50,8,"2023-11-13","KachiFlavian205",22,"M","568.64",42
"IdealMats25","71.08",50,8,"2023-11-13","KachiFlavian25",22,"M","568.64",42
"IdealMats25","71.08",50,8,"2023-11-13","KachiFlavian85",22,"M","568.64",42
"IdealMats25","71.08",50,8,"2023-11-13","KachiFlavian295",32,"M","568.64",42
"IdealMats25","71.08",50,8,"2023-11-13","KachiFlavian265",22,"M","568.64",42
"IdealMats25","71.08",50,8,"2023-11-13","KachiFlavian115",32,"M","568.64",42
"IdealMats25","71.08",50,8,"2023-11-13","KachiFlavian235",32,"M","568.64",42
"IdealMats25","71.08",50,8,"2023-11-13","KachiFlavian235",32,"M","568.64",42
"IdealMats25","71.08",50,8,"2023-11-13","KachiFlavian205",22,"M","568.64",42
"IdealMats25","71.08",50,8,"2023-11-13","KachiFlavian145",22,"M","568.64",42
"IdealMats25","71.08",50,8,"2023-11-13","KachiFlavian55",32,"M","568.64",42
"IdealMats25","71.08",50,8,"2023-11-13","KachiFlavian175",32,"M","568.64",42
"IdealMats25","71.08",50,8,"2023-11-13","KachiFlavian175",32,"M","568.64",42
"IdealMats25","71.08",50,8,"2023-11-13","KachiFlavian145",22,"M","568.64",42
"IdealMats25","71.08",50,8,"2023-11-13","KachiFlavian265",22,"M","568.64",42
"IdealMats25","71.08",50,8,"2023-11-13","KachiFlavian145",22,"M","568.64",42
"IdealMats25","71.08",50,8,"2023-11-13","KachiFlavian205",22,"M","568.64",42
"IdealMats25","71.08",50,8,"2023-11-13","KachiFlavian175",32,"M","568.64",42
"IdealMats25","71.08",50,8,"2023-11-13","KachiFlavian85",22,"M","568.64",42
"IdealMats25","71.08",50,8,"2023-11-13","KachiFlavian235",32,"M","568.64",42
"IdealMats25","71.08",50,8,"2023-11-13","KachiFlavian55",32,"M","568.64",42
"IdealMats25","71.08",50,8,"2023-11-13","KachiFlavian25",22,"M","568.64",42
"IdealMats25","71.08",50,8,"2023-11-13","KachiFlavian295",32,"M","568.64",42
"IdealMats25","71.08",50,8,"2023-11-13","KachiFlavian25",22,"M","568.64",42
"IdealMats25","71.08",50,8,"2023-11-13","KachiFlavian265",22,"M","568.64",42
"IdealMats5","69.11",50,8,"2023-12-03","KachiFlavian155",32,"M","552.88",42
"IdealMats5","69.11",50,8,"2023-12-03","KachiFlavian125",22,"M","552.88",42
"IdealMats5","69.11",50,8,"2023-12-03","KachiFlavian245",22,"M","552.88",42
"IdealMats5","69.11",50,8,"2023-12-03","KachiFlavian65",22,"M","552.88",42
"IdealMats5","69.11",50,8,"2023-12-03","KachiFlavian155",32,"M","552.88",42
"IdealMats5","69.11",50,8,"2023-12-03","KachiFlavian275",32,"M","552.88",42
"IdealMats5","69.11",50,8,"2023-12-03","KachiFlavian185",22,"M","552.88",42
"IdealMats5","69.11",50,8,"2023-12-03","KachiFlavian125",22,"M","552.88",42
"IdealMats5","69.11",50,8,"2023-12-03","KachiFlavian125",22,"M","552.88",42
"IdealMats5","69.11",50,8,"2023-12-03","KachiFlavian95",32,"M","552.88",42
"IdealMats5","69.11",50,8,"2023-12-03","KachiFlavian215",32,"M","552.88",42
"IdealMats5","69.11",50,8,"2023-12-03","KachiFlavian5",22,"M","552.88",42
"IdealMats5","69.11",50,8,"2023-12-03","KachiFlavian275",32,"M","552.88",42
"IdealMats5","69.11",50,8,"2023-12-03","KachiFlavian215",32,"M","552.88",42
"IdealMats5","69.11",50,8,"2023-12-03","KachiFlavian35",32,"M","552.88",42
"IdealMats5","69.11",50,8,"2023-12-03","KachiFlavian95",32,"M","552.88",42
"IdealMats5","69.11",50,8,"2023-12-03","KachiFlavian65",22,"M","552.88",42
"IdealMats5","69.11",50,8,"2023-12-03","KachiFlavian35",32,"M","552.88",42
"IdealMats5","69.11",50,8,"2023-12-03","KachiFlavian65",22,"M","552.88",42
"IdealMats5","69.11",50,8,"2023-12-03","KachiFlavian275",32,"M","552.88",42
"IdealMats5","69.11",50,8,"2023-12-03","KachiFlavian5",22,"M","552.88",42
"IdealMats5","69.11",50,8,"2023-12-03","KachiFlavian65",22,"M","552.88",42
"IdealMats5","69.11",50,8,"2023-12-03","KachiFlavian95",32,"M","552.88",42
"IdealMats5","69.11",50,8,"2023-12-03","KachiFlavian5",22,"M","552.88",42
"IdealMats5","69.11",50,8,"2023-12-03","KachiFlavian35",32,"M","552.88",42
"IdealMats5","69.11",50,8,"2023-12-03","KachiFlavian245",22,"M","552.88",42
"IdealMats5","69.11",50,8,"2023-12-03","KachiFlavian185",22,"M","552.88",42
"IdealMats5","69.11",50,8,"2023-12-03","KachiFlavian5",22,"M","552.88",42
"IdealMats5","69.11",50,8,"2023-12-03","KachiFlavian95",32,"M","552.88",42
"IdealMats5","69.11",50,8,"2023-12-03","KachiFlavian155",32,"M","552.88",42
"IdealMats5","69.11",50,8,"2023-12-03","KachiFlavian35",32,"M","552.88",42
"IdealMats5","69.11",50,8,"2023-12-03","KachiFlavian185",22,"M","552.88",42
"IdealMats5","69.11",50,8,"2023-12-03","KachiFlavian245",22,"M","552.88",42
"IdealMats5","69.11",50,8,"2023-12-03","KachiFlavian215",32,"M","552.88",42
"IdealMats11","53.40",10,10,"2023-11-27","KachiFlavian191",28,"M","534.00",0
"IdealMats11","53.40",10,10,"2023-11-27","KachiFlavian131",28,"M","534.00",0
"IdealMats11","53.40",10,10,"2023-11-27","KachiFlavian131",28,"M","534.00",0
"IdealMats11","53.40",10,10,"2023-11-27","KachiFlavian281",18,"M","534.00",0
"IdealMats11","53.40",10,10,"2023-11-27","KachiFlavian11",28,"M","534.00",0
"IdealMats11","53.40",10,10,"2023-11-27","KachiFlavian161",18,"M","534.00",0
"IdealMats11","53.40",10,10,"2023-11-27","KachiFlavian41",18,"M","534.00",0
"IdealMats11","53.40",10,10,"2023-11-27","KachiFlavian101",18,"M","534.00",0
"IdealMats11","53.40",10,10,"2023-11-27","KachiFlavian221",18,"M","534.00",0
"IdealMats11","53.40",10,10,"2023-11-27","KachiFlavian11",28,"M","534.00",0
"IdealMats11","53.40",10,10,"2023-11-27","KachiFlavian71",28,"M","534.00",0
"IdealMats11","53.40",10,10,"2023-11-27","KachiFlavian101",18,"M","534.00",0
"IdealMats11","53.40",10,10,"2023-11-27","KachiFlavian71",28,"M","534.00",0
"IdealMats11","53.40",10,10,"2023-11-27","KachiFlavian251",28,"M","534.00",0
"IdealMats11","53.40",10,10,"2023-11-27","KachiFlavian11",28,"M","534.00",0
"IdealMats11","53.40",10,10,"2023-11-27","KachiFlavian41",18,"M","534.00",0
"IdealMats11","53.40",10,10,"2023-11-27","KachiFlavian71",28,"M","534.00",0
"IdealMats11","53.40",10,10,"2023-11-27","KachiFlavian251",28,"M","534.00",0
"IdealMats11","53.40",10,10,"2023-11-27","KachiFlavian281",18,"M","534.00",0
"IdealMats11","53.40",10,10,"2023-11-27","KachiFlavian41",18,"M","534.00",0
"IdealMats11","53.40",10,10,"2023-11-27","KachiFlavian101",18,"M","534.00",0
"IdealMats11","53.40",10,10,"2023-11-27","KachiFlavian11",28,"M","534.00",0
"IdealMats11","53.40",10,10,"2023-11-27","KachiFlavian161",18,"M","534.00",0
"IdealMats11","53.40",10,10,"2023-11-27","KachiFlavian191",28,"M","534.00",0
"IdealMats11","53.40",10,10,"2023-11-27","KachiFlavian101",18,"M","534.00",0
"IdealMats11","53.40",10,10,"2023-11-27","KachiFlavian221",18,"M","534.00",0
"IdealMats11","53.40",10,10,"2023-11-27","KachiFlavian281",18,"M","534.00",0
"IdealMats11","53.40",10,10,"2023-11-27","KachiFlavian131",28,"M","534.00",0
"IdealMats11","53.40",10,10,"2023-11-27","KachiFlavian191",28,"M","534.00",0
"IdealMats11","53.40",10,10,"2023-11-27","KachiFlavian71",28,"M","534.00",0
"IdealMats11","53.40",10,10,"2023-11-27","KachiFlavian161",18,"M","534.00",0
"IdealMats11","53.40",10,10,"2023-11-27","KachiFlavian41",18,"M","534.00",0
"IdealMats11","53.40",10,10,"2023-11-27","KachiFlavian221",18,"M","534.00",0
"IdealMats11","53.40",10,10,"2023-11-27","KachiFlavian251",28,"M","534.00",0
"IdealMats6","52.59",60,10,"2023-12-02","KachiFlavian216",33,"F","525.90",50
"IdealMats6","52.59",60,10,"2023-12-02","KachiFlavian6",23,"F","525.90",50
"IdealMats6","52.59",60,10,"2023-12-02","KachiFlavian126",23,"F","525.90",50
"IdealMats6","52.59",60,10,"2023-12-02","KachiFlavian6",23,"F","525.90",50
"IdealMats6","52.59",60,10,"2023-12-02","KachiFlavian96",33,"F","525.90",50
"IdealMats6","52.59",60,10,"2023-12-02","KachiFlavian36",33,"F","525.90",50
"IdealMats6","52.59",60,10,"2023-12-02","KachiFlavian6",23,"F","525.90",50
"IdealMats6","52.59",60,10,"2023-12-02","KachiFlavian276",33,"F","525.90",50
"IdealMats6","52.59",60,10,"2023-12-02","KachiFlavian96",33,"F","525.90",50
"IdealMats6","52.59",60,10,"2023-12-02","KachiFlavian216",33,"F","525.90",50
"IdealMats6","52.59",60,10,"2023-12-02","KachiFlavian276",33,"F","525.90",50
"IdealMats6","52.59",60,10,"2023-12-02","KachiFlavian66",23,"F","525.90",50
"IdealMats6","52.59",60,10,"2023-12-02","KachiFlavian36",33,"F","525.90",50
"IdealMats6","52.59",60,10,"2023-12-02","KachiFlavian36",33,"F","525.90",50
"IdealMats6","52.59",60,10,"2023-12-02","KachiFlavian66",23,"F","525.90",50
"IdealMats6","52.59",60,10,"2023-12-02","KachiFlavian66",23,"F","525.90",50
"IdealMats6","52.59",60,10,"2023-12-02","KachiFlavian246",23,"F","525.90",50
"IdealMats6","52.59",60,10,"2023-12-02","KachiFlavian126",23,"F","525.90",50
"IdealMats6","52.59",60,10,"2023-12-02","KachiFlavian216",33,"F","525.90",50
"IdealMats6","52.59",60,10,"2023-12-02","KachiFlavian246",23,"F","525.90",50
"IdealMats6","52.59",60,10,"2023-12-02","KachiFlavian156",33,"F","525.90",50
"IdealMats6","52.59",60,10,"2023-12-02","KachiFlavian66",23,"F","525.90",50
"IdealMats6","52.59",60,10,"2023-12-02","KachiFlavian156",33,"F","525.90",50
"IdealMats6","52.59",60,10,"2023-12-02","KachiFlavian96",33,"F","525.90",50
"IdealMats6","52.59",60,10,"2023-12-02","KachiFlavian6",23,"F","525.90",50
"IdealMats6","52.59",60,10,"2023-12-02","KachiFlavian36",33,"F","525.90",50
"IdealMats6","52.59",60,10,"2023-12-02","KachiFlavian186",23,"F","525.90",50
"IdealMats6","52.59",60,10,"2023-12-02","KachiFlavian276",33,"F","525.90",50
"IdealMats6","52.59",60,10,"2023-12-02","KachiFlavian156",33,"F","525.90",50
"IdealMats6","52.59",60,10,"2023-12-02","KachiFlavian186",23,"F","525.90",50
"IdealMats6","52.59",60,10,"2023-12-02","KachiFlavian96",33,"F","525.90",50
"IdealMats6","52.59",60,10,"2023-12-02","KachiFlavian126",23,"F","525.90",50
"IdealMats6","52.59",60,10,"2023-12-02","KachiFlavian186",23,"F","525.90",50
"IdealMats6","52.59",60,10,"2023-12-02","KachiFlavian246",23,"F","525.90",50
"IdealMats10","48.13",100,8,"2023-11-28","KachiFlavian160",37,"F","385.04",92
"IdealMats10","48.13",100,8,"2023-11-28","KachiFlavian160",37,"F","385.04",92
"IdealMats10","48.13",100,8,"2023-11-28","KachiFlavian40",37,"F","385.04",92
"IdealMats10","48.13",100,8,"2023-11-28","KachiFlavian70",27,"F","385.04",92
"IdealMats10","48.13",100,8,"2023-11-28","KachiFlavian100",37,"F","385.04",92
"IdealMats10","48.13",100,8,"2023-11-28","KachiFlavian70",27,"F","385.04",92
"IdealMats10","48.13",100,8,"2023-11-28","KachiFlavian130",27,"F","385.04",92
"IdealMats10","48.13",100,8,"2023-11-28","KachiFlavian160",37,"F","385.04",92
"IdealMats10","48.13",100,8,"2023-11-28","KachiFlavian190",27,"F","385.04",92
"IdealMats10","48.13",100,8,"2023-11-28","KachiFlavian10",27,"F","385.04",92
"IdealMats10","48.13",100,8,"2023-11-28","KachiFlavian40",37,"F","385.04",92
"IdealMats10","48.13",100,8,"2023-11-28","KachiFlavian220",37,"F","385.04",92
"IdealMats10","48.13",100,8,"2023-11-28","KachiFlavian250",27,"F","385.04",92
"IdealMats10","48.13",100,8,"2023-11-28","KachiFlavian280",37,"F","385.04",92
"IdealMats10","48.13",100,8,"2023-11-28","KachiFlavian100",37,"F","385.04",92
"IdealMats10","48.13",100,8,"2023-11-28","KachiFlavian10",27,"F","385.04",92
"IdealMats10","48.13",100,8,"2023-11-28","KachiFlavian10",27,"F","385.04",92
"IdealMats10","48.13",100,8,"2023-11-28","KachiFlavian40",37,"F","385.04",92
"IdealMats10","48.13",100,8,"2023-11-28","KachiFlavian70",27,"F","385.04",92
"IdealMats10","48.13",100,8,"2023-11-28","KachiFlavian280",37,"F","385.04",92
"IdealMats10","48.13",100,8,"2023-11-28","KachiFlavian100",37,"F","385.04",92
"IdealMats10","48.13",100,8,"2023-11-28","KachiFlavian130",27,"F","385.04",92
"IdealMats10","48.13",100,8,"2023-11-28","KachiFlavian250",27,"F","385.04",92
"IdealMats10","48.13",100,8,"2023-11-28","KachiFlavian190",27,"F","385.04",92
"IdealMats10","48.13",100,8,"2023-11-28","KachiFlavian220",37,"F","385.04",92
"IdealMats10","48.13",100,8,"2023-11-28","KachiFlavian250",27,"F","385.04",92
"IdealMats10","48.13",100,8,"2023-11-28","KachiFlavian220",37,"F","385.04",92
"IdealMats10","48.13",100,8,"2023-11-28","KachiFlavian280",37,"F","385.04",92
"IdealMats10","48.13",100,8,"2023-11-28","KachiFlavian10",27,"F","385.04",92
"IdealMats10","48.13",100,8,"2023-11-28","KachiFlavian40",37,"F","385.04",92
"IdealMats10","48.13",100,8,"2023-11-28","KachiFlavian70",27,"F","385.04",92
"IdealMats10","48.13",100,8,"2023-11-28","KachiFlavian190",27,"F","385.04",92
"IdealMats10","48.13",100,8,"2023-11-28","KachiFlavian100",37,"F","385.04",92
"IdealMats10","48.13",100,8,"2023-11-28","KachiFlavian130",27,"F","385.04",92
"IdealMats18","82.26",80,4,"2023-11-20","KachiFlavian168",25,"F","329.04",76
"IdealMats18","82.26",80,4,"2023-11-20","KachiFlavian288",25,"F","329.04",76
"IdealMats18","82.26",80,4,"2023-11-20","KachiFlavian48",25,"F","329.04",76
"IdealMats18","82.26",80,4,"2023-11-20","KachiFlavian78",35,"F","329.04",76
"IdealMats18","82.26",80,4,"2023-11-20","KachiFlavian108",25,"F","329.04",76
"IdealMats18","82.26",80,4,"2023-11-20","KachiFlavian168",25,"F","329.04",76
"IdealMats18","82.26",80,4,"2023-11-20","KachiFlavian168",25,"F","329.04",76
"IdealMats18","82.26",80,4,"2023-11-20","KachiFlavian138",35,"F","329.04",76
"IdealMats18","82.26",80,4,"2023-11-20","KachiFlavian18",35,"F","329.04",76
"IdealMats18","82.26",80,4,"2023-11-20","KachiFlavian258",35,"F","329.04",76
"IdealMats18","82.26",80,4,"2023-11-20","KachiFlavian48",25,"F","329.04",76
"IdealMats18","82.26",80,4,"2023-11-20","KachiFlavian48",25,"F","329.04",76
"IdealMats18","82.26",80,4,"2023-11-20","KachiFlavian18",35,"F","329.04",76
"IdealMats18","82.26",80,4,"2023-11-20","KachiFlavian198",35,"F","329.04",76
"IdealMats18","82.26",80,4,"2023-11-20","KachiFlavian258",35,"F","329.04",76
"IdealMats18","82.26",80,4,"2023-11-20","KachiFlavian18",35,"F","329.04",76
"IdealMats18","82.26",80,4,"2023-11-20","KachiFlavian108",25,"F","329.04",76
"IdealMats18","82.26",80,4,"2023-11-20","KachiFlavian228",25,"F","329.04",76
"IdealMats18","82.26",80,4,"2023-11-20","KachiFlavian78",35,"F","329.04",76
"IdealMats18","82.26",80,4,"2023-11-20","KachiFlavian108",25,"F","329.04",76
"IdealMats18","82.26",80,4,"2023-11-20","KachiFlavian138",35,"F","329.04",76
"IdealMats18","82.26",80,4,"2023-11-20","KachiFlavian138",35,"F","329.04",76
"IdealMats18","82.26",80,4,"2023-11-20","KachiFlavian258",35,"F","329.04",76
"IdealMats18","82.26",80,4,"2023-11-20","KachiFlavian228",25,"F","329.04",76
"IdealMats18","82.26",80,4,"2023-11-20","KachiFlavian78",35,"F","329.04",76
"IdealMats18","82.26",80,4,"2023-11-20","KachiFlavian288",25,"F","329.04",76
"IdealMats18","82.26",80,4,"2023-11-20","KachiFlavian48",25,"F","329.04",76
"IdealMats18","82.26",80,4,"2023-11-20","KachiFlavian198",35,"F","329.04",76
"IdealMats18","82.26",80,4,"2023-11-20","KachiFlavian18",35,"F","329.04",76
"IdealMats18","82.26",80,4,"2023-11-20","KachiFlavian198",35,"F","329.04",76
"IdealMats18","82.26",80,4,"2023-11-20","KachiFlavian288",25,"F","329.04",76
"IdealMats18","82.26",80,4,"2023-11-20","KachiFlavian228",25,"F","329.04",76
"IdealMats18","82.26",80,4,"2023-11-20","KachiFlavian78",35,"F","329.04",76
"IdealMats14","53.58",40,6,"2023-11-24","KachiFlavian164",21,"F","321.48",34
"IdealMats14","53.58",40,6,"2023-11-24","KachiFlavian14",31,"F","321.48",34
"IdealMats14","53.58",40,6,"2023-11-24","KachiFlavian134",31,"F","321.48",34
"IdealMats14","53.58",40,6,"2023-11-24","KachiFlavian74",31,"F","321.48",34
"IdealMats14","53.58",40,6,"2023-11-24","KachiFlavian104",21,"F","321.48",34
"IdealMats14","53.58",40,6,"2023-11-24","KachiFlavian164",21,"F","321.48",34
"IdealMats14","53.58",40,6,"2023-11-24","KachiFlavian224",21,"F","321.48",34
"IdealMats14","53.58",40,6,"2023-11-24","KachiFlavian284",21,"F","321.48",34
"IdealMats14","53.58",40,6,"2023-11-24","KachiFlavian74",31,"F","321.48",34
"IdealMats14","53.58",40,6,"2023-11-24","KachiFlavian284",21,"F","321.48",34
"IdealMats14","53.58",40,6,"2023-11-24","KachiFlavian74",31,"F","321.48",34
"IdealMats14","53.58",40,6,"2023-11-24","KachiFlavian134",31,"F","321.48",34
"IdealMats14","53.58",40,6,"2023-11-24","KachiFlavian224",21,"F","321.48",34
"IdealMats14","53.58",40,6,"2023-11-24","KachiFlavian44",21,"F","321.48",34
"IdealMats14","53.58",40,6,"2023-11-24","KachiFlavian224",21,"F","321.48",34
"IdealMats14","53.58",40,6,"2023-11-24","KachiFlavian194",31,"F","321.48",34
"IdealMats14","53.58",40,6,"2023-11-24","KachiFlavian14",31,"F","321.48",34
"IdealMats14","53.58",40,6,"2023-11-24","KachiFlavian254",31,"F","321.48",34
"IdealMats14","53.58",40,6,"2023-11-24","KachiFlavian284",21,"F","321.48",34
"IdealMats14","53.58",40,6,"2023-11-24","KachiFlavian254",31,"F","321.48",34
"IdealMats14","53.58",40,6,"2023-11-24","KachiFlavian164",21,"F","321.48",34
"IdealMats14","53.58",40,6,"2023-11-24","KachiFlavian44",21,"F","321.48",34
"IdealMats14","53.58",40,6,"2023-11-24","KachiFlavian14",31,"F","321.48",34
"IdealMats14","53.58",40,6,"2023-11-24","KachiFlavian104",21,"F","321.48",34
"IdealMats14","53.58",40,6,"2023-11-24","KachiFlavian14",31,"F","321.48",34
"IdealMats14","53.58",40,6,"2023-11-24","KachiFlavian44",21,"F","321.48",34
"IdealMats14","53.58",40,6,"2023-11-24","KachiFlavian194",31,"F","321.48",34
"IdealMats14","53.58",40,6,"2023-11-24","KachiFlavian254",31,"F","321.48",34
"IdealMats14","53.58",40,6,"2023-11-24","KachiFlavian44",21,"F","321.48",34
"IdealMats14","53.58",40,6,"2023-11-24","KachiFlavian134",31,"F","321.48",34
"IdealMats14","53.58",40,6,"2023-11-24","KachiFlavian104",21,"F","321.48",34
"IdealMats14","53.58",40,6,"2023-11-24","KachiFlavian194",31,"F","321.48",34
"IdealMats14","53.58",40,6,"2023-11-24","KachiFlavian74",31,"F","321.48",34
"IdealMats30","37.83",100,8,"2023-11-08","KachiFlavian270",27,"F","302.64",92
"IdealMats30","37.83",100,8,"2023-11-08","KachiFlavian300",37,"F","302.64",92
"IdealMats30","37.83",100,8,"2023-11-08","KachiFlavian90",27,"F","302.64",92
"IdealMats30","37.83",100,8,"2023-11-08","KachiFlavian300",37,"F","302.64",92
"IdealMats30","37.83",100,8,"2023-11-08","KachiFlavian30",27,"F","302.64",92
"IdealMats30","37.83",100,8,"2023-11-08","KachiFlavian150",27,"F","302.64",92
"IdealMats30","37.83",100,8,"2023-11-08","KachiFlavian180",37,"F","302.64",92
"IdealMats30","37.83",100,8,"2023-11-08","KachiFlavian240",37,"F","302.64",92
"IdealMats30","37.83",100,8,"2023-11-08","KachiFlavian30",27,"F","302.64",92
"IdealMats30","37.83",100,8,"2023-11-08","KachiFlavian60",37,"F","302.64",92
"IdealMats30","37.83",100,8,"2023-11-08","KachiFlavian120",37,"F","302.64",92
"IdealMats30","37.83",100,8,"2023-11-08","KachiFlavian300",37,"F","302.64",92
"IdealMats30","37.83",100,8,"2023-11-08","KachiFlavian90",27,"F","302.64",92
"IdealMats30","37.83",100,8,"2023-11-08","KachiFlavian90",27,"F","302.64",92
"IdealMats30","37.83",100,8,"2023-11-08","KachiFlavian210",27,"F","302.64",92
"IdealMats30","37.83",100,8,"2023-11-08","KachiFlavian30",27,"F","302.64",92
"IdealMats30","37.83",100,8,"2023-11-08","KachiFlavian120",37,"F","302.64",92
"IdealMats30","37.83",100,8,"2023-11-08","KachiFlavian270",27,"F","302.64",92
"IdealMats30","37.83",100,8,"2023-11-08","KachiFlavian150",27,"F","302.64",92
"IdealMats30","37.83",100,8,"2023-11-08","KachiFlavian180",37,"F","302.64",92
"IdealMats30","37.83",100,8,"2023-11-08","KachiFlavian60",37,"F","302.64",92
"IdealMats30","37.83",100,8,"2023-11-08","KachiFlavian180",37,"F","302.64",92
"IdealMats30","37.83",100,8,"2023-11-08","KachiFlavian90",27,"F","302.64",92
"IdealMats30","37.83",100,8,"2023-11-08","KachiFlavian150",27,"F","302.64",92
"IdealMats30","37.83",100,8,"2023-11-08","KachiFlavian60",37,"F","302.64",92
"IdealMats30","37.83",100,8,"2023-11-08","KachiFlavian60",37,"F","302.64",92
"IdealMats30","37.83",100,8,"2023-11-08","KachiFlavian210",27,"F","302.64",92
"IdealMats30","37.83",100,8,"2023-11-08","KachiFlavian240",37,"F","302.64",92
"IdealMats30","37.83",100,8,"2023-11-08","KachiFlavian30",27,"F","302.64",92
"IdealMats30","37.83",100,8,"2023-11-08","KachiFlavian240",37,"F","302.64",92
"IdealMats30","37.83",100,8,"2023-11-08","KachiFlavian210",27,"F","302.64",92
"IdealMats30","37.83",100,8,"2023-11-08","KachiFlavian120",37,"F","302.64",92
"IdealMats30","37.83",100,8,"2023-11-08","KachiFlavian270",27,"F","302.64",92
"IdealMats31","23.31",10,10,"2023-11-07","KachiFlavian31",28,"M","233.10",0
"IdealMats31","23.31",10,10,"2023-11-07","KachiFlavian271",28,"M","233.10",0
"IdealMats31","23.31",10,10,"2023-11-07","KachiFlavian121",18,"M","233.10",0
"IdealMats31","23.31",10,10,"2023-11-07","KachiFlavian91",28,"M","233.10",0
"IdealMats31","23.31",10,10,"2023-11-07","KachiFlavian121",18,"M","233.10",0
"IdealMats31","23.31",10,10,"2023-11-07","KachiFlavian91",28,"M","233.10",0
"IdealMats31","23.31",10,10,"2023-11-07","KachiFlavian211",28,"M","233.10",0
"IdealMats31","23.31",10,10,"2023-11-07","KachiFlavian181",18,"M","233.10",0
"IdealMats31","23.31",10,10,"2023-11-07","KachiFlavian91",28,"M","233.10",0
"IdealMats31","23.31",10,10,"2023-11-07","KachiFlavian241",18,"M","233.10",0
"IdealMats31","23.31",10,10,"2023-11-07","KachiFlavian61",18,"M","233.10",0
"IdealMats31","23.31",10,10,"2023-11-07","KachiFlavian151",28,"M","233.10",0
"IdealMats31","23.31",10,10,"2023-11-07","KachiFlavian181",18,"M","233.10",0
"IdealMats31","23.31",10,10,"2023-11-07","KachiFlavian241",18,"M","233.10",0
"IdealMats31","23.31",10,10,"2023-11-07","KachiFlavian151",28,"M","233.10",0
"IdealMats31","23.31",10,10,"2023-11-07","KachiFlavian91",28,"M","233.10",0
"IdealMats31","23.31",10,10,"2023-11-07","KachiFlavian31",28,"M","233.10",0
"IdealMats31","23.31",10,10,"2023-11-07","KachiFlavian211",28,"M","233.10",0
"IdealMats31","23.31",10,10,"2023-11-07","KachiFlavian241",18,"M","233.10",0
"IdealMats31","23.31",10,10,"2023-11-07","KachiFlavian271",28,"M","233.10",0
"IdealMats31","23.31",10,10,"2023-11-07","KachiFlavian61",18,"M","233.10",0
"IdealMats31","23.31",10,10,"2023-11-07","KachiFlavian31",28,"M","233.10",0
"IdealMats31","23.31",10,10,"2023-11-07","KachiFlavian151",28,"M","233.10",0
"IdealMats31","23.31",10,10,"2023-11-07","KachiFlavian61",18,"M","233.10",0
"IdealMats31","23.31",10,10,"2023-11-07","KachiFlavian31",28,"M","233.10",0
"IdealMats31","23.31",10,10,"2023-11-07","KachiFlavian181",18,"M","233.10",0
"IdealMats31","23.31",10,10,"2023-11-07","KachiFlavian301",18,"M","233.10",0
"IdealMats31","23.31",10,10,"2023-11-07","KachiFlavian211",28,"M","233.10",0
"IdealMats31","23.31",10,10,"2023-11-07","KachiFlavian121",18,"M","233.10",0
"IdealMats31","23.31",10,10,"2023-11-07","KachiFlavian301",18,"M","233.10",0
"IdealMats31","23.31",10,10,"2023-11-07","KachiFlavian271",28,"M","233.10",0
"IdealMats31","23.31",10,10,"2023-11-07","KachiFlavian301",18,"M","233.10",0
"IdealMats31","23.31",10,10,"2023-11-07","KachiFlavian61",18,"M","233.10",0
"IdealMats9","38.73",90,6,"2023-11-29","KachiFlavian99",36,"M","232.38",84
"IdealMats9","38.73",90,6,"2023-11-29","KachiFlavian159",36,"M","232.38",84
"IdealMats9","38.73",90,6,"2023-11-29","KachiFlavian99",36,"M","232.38",84
"IdealMats9","38.73",90,6,"2023-11-29","KachiFlavian9",26,"M","232.38",84
"IdealMats9","38.73",90,6,"2023-11-29","KachiFlavian129",26,"M","232.38",84
"IdealMats9","38.73",90,6,"2023-11-29","KachiFlavian69",26,"M","232.38",84
"IdealMats9","38.73",90,6,"2023-11-29","KachiFlavian9",26,"M","232.38",84
"IdealMats9","38.73",90,6,"2023-11-29","KachiFlavian129",26,"M","232.38",84
"IdealMats9","38.73",90,6,"2023-11-29","KachiFlavian9",26,"M","232.38",84
"IdealMats9","38.73",90,6,"2023-11-29","KachiFlavian129",26,"M","232.38",84
"IdealMats9","38.73",90,6,"2023-11-29","KachiFlavian39",36,"M","232.38",84
"IdealMats9","38.73",90,6,"2023-11-29","KachiFlavian39",36,"M","232.38",84
"IdealMats9","38.73",90,6,"2023-11-29","KachiFlavian159",36,"M","232.38",84
"IdealMats9","38.73",90,6,"2023-11-29","KachiFlavian279",36,"M","232.38",84
"IdealMats9","38.73",90,6,"2023-11-29","KachiFlavian249",26,"M","232.38",84
"IdealMats9","38.73",90,6,"2023-11-29","KachiFlavian189",26,"M","232.38",84
"IdealMats9","38.73",90,6,"2023-11-29","KachiFlavian279",36,"M","232.38",84
"IdealMats9","38.73",90,6,"2023-11-29","KachiFlavian219",36,"M","232.38",84
"IdealMats9","38.73",90,6,"2023-11-29","KachiFlavian39",36,"M","232.38",84
"IdealMats9","38.73",90,6,"2023-11-29","KachiFlavian219",36,"M","232.38",84
"IdealMats9","38.73",90,6,"2023-11-29","KachiFlavian189",26,"M","232.38",84
"IdealMats9","38.73",90,6,"2023-11-29","KachiFlavian279",36,"M","232.38",84
"IdealMats9","38.73",90,6,"2023-11-29","KachiFlavian69",26,"M","232.38",84
"IdealMats9","38.73",90,6,"2023-11-29","KachiFlavian9",26,"M","232.38",84
"IdealMats9","38.73",90,6,"2023-11-29","KachiFlavian99",36,"M","232.38",84
"IdealMats9","38.73",90,6,"2023-11-29","KachiFlavian69",26,"M","232.38",84
"IdealMats9","38.73",90,6,"2023-11-29","KachiFlavian69",26,"M","232.38",84
"IdealMats9","38.73",90,6,"2023-11-29","KachiFlavian159",36,"M","232.38",84
"IdealMats9","38.73",90,6,"2023-11-29","KachiFlavian99",36,"M","232.38",84
"IdealMats9","38.73",90,6,"2023-11-29","KachiFlavian39",36,"M","232.38",84
"IdealMats9","38.73",90,6,"2023-11-29","KachiFlavian249",26,"M","232.38",84
"IdealMats9","38.73",90,6,"2023-11-29","KachiFlavian219",36,"M","232.38",84
"IdealMats9","38.73",90,6,"2023-11-29","KachiFlavian189",26,"M","232.38",84
"IdealMats9","38.73",90,6,"2023-11-29","KachiFlavian249",26,"M","232.38",84
"IdealMats4","33.46",40,6,"2023-12-04","KachiFlavian124",21,"F","200.76",34
"IdealMats4","33.46",40,6,"2023-12-04","KachiFlavian64",21,"F","200.76",34
"IdealMats4","33.46",40,6,"2023-12-04","KachiFlavian274",31,"F","200.76",34
"IdealMats4","33.46",40,6,"2023-12-04","KachiFlavian34",31,"F","200.76",34
"IdealMats4","33.46",40,6,"2023-12-04","KachiFlavian214",31,"F","200.76",34
"IdealMats4","33.46",40,6,"2023-12-04","KachiFlavian274",31,"F","200.76",34
"IdealMats4","33.46",40,6,"2023-12-04","KachiFlavian184",21,"F","200.76",34
"IdealMats4","33.46",40,6,"2023-12-04","KachiFlavian94",31,"F","200.76",34
"IdealMats4","33.46",40,6,"2023-12-04","KachiFlavian124",21,"F","200.76",34
"IdealMats4","33.46",40,6,"2023-12-04","KachiFlavian64",21,"F","200.76",34
"IdealMats4","33.46",40,6,"2023-12-04","KachiFlavian274",31,"F","200.76",34
"IdealMats4","33.46",40,6,"2023-12-04","KachiFlavian214",31,"F","200.76",34
"IdealMats4","33.46",40,6,"2023-12-04","KachiFlavian64",21,"F","200.76",34
"IdealMats4","33.46",40,6,"2023-12-04","KachiFlavian34",31,"F","200.76",34
"IdealMats4","33.46",40,6,"2023-12-04","KachiFlavian94",31,"F","200.76",34
"IdealMats4","33.46",40,6,"2023-12-04","KachiFlavian154",31,"F","200.76",34
"IdealMats4","33.46",40,6,"2023-12-04","KachiFlavian184",21,"F","200.76",34
"IdealMats4","33.46",40,6,"2023-12-04","KachiFlavian4",21,"F","200.76",34
"IdealMats4","33.46",40,6,"2023-12-04","KachiFlavian94",31,"F","200.76",34
"IdealMats4","33.46",40,6,"2023-12-04","KachiFlavian64",21,"F","200.76",34
"IdealMats4","33.46",40,6,"2023-12-04","KachiFlavian154",31,"F","200.76",34
"IdealMats4","33.46",40,6,"2023-12-04","KachiFlavian4",21,"F","200.76",34
"IdealMats4","33.46",40,6,"2023-12-04","KachiFlavian244",21,"F","200.76",34
"IdealMats4","33.46",40,6,"2023-12-04","KachiFlavian34",31,"F","200.76",34
"IdealMats4","33.46",40,6,"2023-12-04","KachiFlavian4",21,"F","200.76",34
"IdealMats4","33.46",40,6,"2023-12-04","KachiFlavian4",21,"F","200.76",34
"IdealMats4","33.46",40,6,"2023-12-04","KachiFlavian214",31,"F","200.76",34
"IdealMats4","33.46",40,6,"2023-12-04","KachiFlavian184",21,"F","200.76",34
"IdealMats4","33.46",40,6,"2023-12-04","KachiFlavian124",21,"F","200.76",34
"IdealMats4","33.46",40,6,"2023-12-04","KachiFlavian154",31,"F","200.76",34
"IdealMats4","33.46",40,6,"2023-12-04","KachiFlavian244",21,"F","200.76",34
"IdealMats4","33.46",40,6,"2023-12-04","KachiFlavian34",31,"F","200.76",34
"IdealMats4","33.46",40,6,"2023-12-04","KachiFlavian94",31,"F","200.76",34
"IdealMats4","33.46",40,6,"2023-12-04","KachiFlavian244",21,"F","200.76",34
"IdealMats17","98.03",70,2,"2023-11-21","KachiFlavian107",24,"M","196.06",68
"IdealMats17","98.03",70,2,"2023-11-21","KachiFlavian107",24,"M","196.06",68
"IdealMats17","98.03",70,2,"2023-11-21","KachiFlavian167",24,"M","196.06",68
"IdealMats17","98.03",70,2,"2023-11-21","KachiFlavian77",34,"M","196.06",68
"IdealMats17","98.03",70,2,"2023-11-21","KachiFlavian287",24,"M","196.06",68
"IdealMats17","98.03",70,2,"2023-11-21","KachiFlavian197",34,"M","196.06",68
"IdealMats17","98.03",70,2,"2023-11-21","KachiFlavian137",34,"M","196.06",68
"IdealMats17","98.03",70,2,"2023-11-21","KachiFlavian137",34,"M","196.06",68
"IdealMats17","98.03",70,2,"2023-11-21","KachiFlavian47",24,"M","196.06",68
"IdealMats17","98.03",70,2,"2023-11-21","KachiFlavian47",24,"M","196.06",68
"IdealMats17","98.03",70,2,"2023-11-21","KachiFlavian257",34,"M","196.06",68
"IdealMats17","98.03",70,2,"2023-11-21","KachiFlavian257",34,"M","196.06",68
"IdealMats17","98.03",70,2,"2023-11-21","KachiFlavian167",24,"M","196.06",68
"IdealMats17","98.03",70,2,"2023-11-21","KachiFlavian167",24,"M","196.06",68
"IdealMats17","98.03",70,2,"2023-11-21","KachiFlavian17",34,"M","196.06",68
"IdealMats17","98.03",70,2,"2023-11-21","KachiFlavian47",24,"M","196.06",68
"IdealMats17","98.03",70,2,"2023-11-21","KachiFlavian227",24,"M","196.06",68
"IdealMats17","98.03",70,2,"2023-11-21","KachiFlavian197",34,"M","196.06",68
"IdealMats17","98.03",70,2,"2023-11-21","KachiFlavian287",24,"M","196.06",68
"IdealMats17","98.03",70,2,"2023-11-21","KachiFlavian197",34,"M","196.06",68
"IdealMats17","98.03",70,2,"2023-11-21","KachiFlavian47",24,"M","196.06",68
"IdealMats17","98.03",70,2,"2023-11-21","KachiFlavian257",34,"M","196.06",68
"IdealMats17","98.03",70,2,"2023-11-21","KachiFlavian17",34,"M","196.06",68
"IdealMats17","98.03",70,2,"2023-11-21","KachiFlavian107",24,"M","196.06",68
"IdealMats17","98.03",70,2,"2023-11-21","KachiFlavian137",34,"M","196.06",68
"IdealMats17","98.03",70,2,"2023-11-21","KachiFlavian227",24,"M","196.06",68
"IdealMats17","98.03",70,2,"2023-11-21","KachiFlavian287",24,"M","196.06",68
"IdealMats17","98.03",70,2,"2023-11-21","KachiFlavian77",34,"M","196.06",68
"IdealMats17","98.03",70,2,"2023-11-21","KachiFlavian17",34,"M","196.06",68
"IdealMats17","98.03",70,2,"2023-11-21","KachiFlavian77",34,"M","196.06",68
"IdealMats17","98.03",70,2,"2023-11-21","KachiFlavian227",24,"M","196.06",68
"IdealMats17","98.03",70,2,"2023-11-21","KachiFlavian77",34,"M","196.06",68
"IdealMats17","98.03",70,2,"2023-11-21","KachiFlavian17",34,"M","196.06",68
"IdealMats15","20.98",50,8,"2023-11-23","KachiFlavian15",32,"M","167.84",42
"IdealMats15","20.98",50,8,"2023-11-23","KachiFlavian135",32,"M","167.84",42
"IdealMats15","20.98",50,8,"2023-11-23","KachiFlavian45",22,"M","167.84",42
"IdealMats15","20.98",50,8,"2023-11-23","KachiFlavian105",22,"M","167.84",42
"IdealMats15","20.98",50,8,"2023-11-23","KachiFlavian195",32,"M","167.84",42
"IdealMats15","20.98",50,8,"2023-11-23","KachiFlavian165",22,"M","167.84",42
"IdealMats15","20.98",50,8,"2023-11-23","KachiFlavian15",32,"M","167.84",42
"IdealMats15","20.98",50,8,"2023-11-23","KachiFlavian255",32,"M","167.84",42
"IdealMats15","20.98",50,8,"2023-11-23","KachiFlavian285",22,"M","167.84",42
"IdealMats15","20.98",50,8,"2023-11-23","KachiFlavian255",32,"M","167.84",42
"IdealMats15","20.98",50,8,"2023-11-23","KachiFlavian195",32,"M","167.84",42
"IdealMats15","20.98",50,8,"2023-11-23","KachiFlavian225",22,"M","167.84",42
"IdealMats15","20.98",50,8,"2023-11-23","KachiFlavian225",22,"M","167.84",42
"IdealMats15","20.98",50,8,"2023-11-23","KachiFlavian165",22,"M","167.84",42
"IdealMats15","20.98",50,8,"2023-11-23","KachiFlavian105",22,"M","167.84",42
"IdealMats15","20.98",50,8,"2023-11-23","KachiFlavian285",22,"M","167.84",42
"IdealMats15","20.98",50,8,"2023-11-23","KachiFlavian75",32,"M","167.84",42
"IdealMats15","20.98",50,8,"2023-11-23","KachiFlavian15",32,"M","167.84",42
"IdealMats15","20.98",50,8,"2023-11-23","KachiFlavian15",32,"M","167.84",42
"IdealMats15","20.98",50,8,"2023-11-23","KachiFlavian165",22,"M","167.84",42
"IdealMats15","20.98",50,8,"2023-11-23","KachiFlavian45",22,"M","167.84",42
"IdealMats15","20.98",50,8,"2023-11-23","KachiFlavian45",22,"M","167.84",42
"IdealMats15","20.98",50,8,"2023-11-23","KachiFlavian255",32,"M","167.84",42
"IdealMats15","20.98",50,8,"2023-11-23","KachiFlavian45",22,"M","167.84",42
"IdealMats15","20.98",50,8,"2023-11-23","KachiFlavian135",32,"M","167.84",42
"IdealMats15","20.98",50,8,"2023-11-23","KachiFlavian105",22,"M","167.84",42
"IdealMats15","20.98",50,8,"2023-11-23","KachiFlavian195",32,"M","167.84",42
"IdealMats15","20.98",50,8,"2023-11-23","KachiFlavian285",22,"M","167.84",42
"IdealMats15","20.98",50,8,"2023-11-23","KachiFlavian75",32,"M","167.84",42
"IdealMats15","20.98",50,8,"2023-11-23","KachiFlavian75",32,"M","167.84",42
"IdealMats15","20.98",50,8,"2023-11-23","KachiFlavian75",32,"M","167.84",42
"IdealMats15","20.98",50,8,"2023-11-23","KachiFlavian135",32,"M","167.84",42
"IdealMats15","20.98",50,8,"2023-11-23","KachiFlavian225",22,"M","167.84",42
"IdealMats22","81.65",20,2,"2023-11-16","KachiFlavian112",29,"F","163.30",18
"IdealMats22","81.65",20,2,"2023-11-16","KachiFlavian262",19,"F","163.30",18
"IdealMats22","81.65",20,2,"2023-11-16","KachiFlavian22",19,"F","163.30",18
"IdealMats22","81.65",20,2,"2023-11-16","KachiFlavian22",19,"F","163.30",18
"IdealMats22","81.65",20,2,"2023-11-16","KachiFlavian52",29,"F","163.30",18
"IdealMats22","81.65",20,2,"2023-11-16","KachiFlavian292",29,"F","163.30",18
"IdealMats22","81.65",20,2,"2023-11-16","KachiFlavian232",29,"F","163.30",18
"IdealMats22","81.65",20,2,"2023-11-16","KachiFlavian82",19,"F","163.30",18
"IdealMats22","81.65",20,2,"2023-11-16","KachiFlavian202",19,"F","163.30",18
"IdealMats22","81.65",20,2,"2023-11-16","KachiFlavian142",19,"F","163.30",18
"IdealMats22","81.65",20,2,"2023-11-16","KachiFlavian262",19,"F","163.30",18
"IdealMats22","81.65",20,2,"2023-11-16","KachiFlavian172",29,"F","163.30",18
"IdealMats22","81.65",20,2,"2023-11-16","KachiFlavian172",29,"F","163.30",18
"IdealMats22","81.65",20,2,"2023-11-16","KachiFlavian52",29,"F","163.30",18
"IdealMats22","81.65",20,2,"2023-11-16","KachiFlavian202",19,"F","163.30",18
"IdealMats22","81.65",20,2,"2023-11-16","KachiFlavian142",19,"F","163.30",18
"IdealMats22","81.65",20,2,"2023-11-16","KachiFlavian232",29,"F","163.30",18
"IdealMats22","81.65",20,2,"2023-11-16","KachiFlavian232",29,"F","163.30",18
"IdealMats22","81.65",20,2,"2023-11-16","KachiFlavian22",19,"F","163.30",18
"IdealMats22","81.65",20,2,"2023-11-16","KachiFlavian112",29,"F","163.30",18
"IdealMats22","81.65",20,2,"2023-11-16","KachiFlavian262",19,"F","163.30",18
"IdealMats22","81.65",20,2,"2023-11-16","KachiFlavian172",29,"F","163.30",18
"IdealMats22","81.65",20,2,"2023-11-16","KachiFlavian292",29,"F","163.30",18
"IdealMats22","81.65",20,2,"2023-11-16","KachiFlavian82",19,"F","163.30",18
"IdealMats22","81.65",20,2,"2023-11-16","KachiFlavian22",19,"F","163.30",18
"IdealMats22","81.65",20,2,"2023-11-16","KachiFlavian82",19,"F","163.30",18
"IdealMats22","81.65",20,2,"2023-11-16","KachiFlavian202",19,"F","163.30",18
"IdealMats22","81.65",20,2,"2023-11-16","KachiFlavian142",19,"F","163.30",18
"IdealMats22","81.65",20,2,"2023-11-16","KachiFlavian52",29,"F","163.30",18
"IdealMats22","81.65",20,2,"2023-11-16","KachiFlavian52",29,"F","163.30",18
"IdealMats22","81.65",20,2,"2023-11-16","KachiFlavian82",19,"F","163.30",18
"IdealMats22","81.65",20,2,"2023-11-16","KachiFlavian112",29,"F","163.30",18
"IdealMats22","81.65",20,2,"2023-11-16","KachiFlavian292",29,"F","163.30",18
"IdealMats23","36.99",30,4,"2023-11-15","KachiFlavian233",30,"M","147.96",26
"IdealMats23","36.99",30,4,"2023-11-15","KachiFlavian143",20,"M","147.96",26
"IdealMats23","36.99",30,4,"2023-11-15","KachiFlavian293",30,"M","147.96",26
"IdealMats23","36.99",30,4,"2023-11-15","KachiFlavian263",20,"M","147.96",26
"IdealMats23","36.99",30,4,"2023-11-15","KachiFlavian203",20,"M","147.96",26
"IdealMats23","36.99",30,4,"2023-11-15","KachiFlavian233",30,"M","147.96",26
"IdealMats23","36.99",30,4,"2023-11-15","KachiFlavian83",20,"M","147.96",26
"IdealMats23","36.99",30,4,"2023-11-15","KachiFlavian113",30,"M","147.96",26
"IdealMats23","36.99",30,4,"2023-11-15","KachiFlavian23",20,"M","147.96",26
"IdealMats23","36.99",30,4,"2023-11-15","KachiFlavian293",30,"M","147.96",26
"IdealMats23","36.99",30,4,"2023-11-15","KachiFlavian113",30,"M","147.96",26
"IdealMats23","36.99",30,4,"2023-11-15","KachiFlavian83",20,"M","147.96",26
"IdealMats23","36.99",30,4,"2023-11-15","KachiFlavian203",20,"M","147.96",26
"IdealMats23","36.99",30,4,"2023-11-15","KachiFlavian143",20,"M","147.96",26
"IdealMats23","36.99",30,4,"2023-11-15","KachiFlavian23",20,"M","147.96",26
"IdealMats23","36.99",30,4,"2023-11-15","KachiFlavian173",30,"M","147.96",26
"IdealMats23","36.99",30,4,"2023-11-15","KachiFlavian83",20,"M","147.96",26
"IdealMats23","36.99",30,4,"2023-11-15","KachiFlavian23",20,"M","147.96",26
"IdealMats23","36.99",30,4,"2023-11-15","KachiFlavian23",20,"M","147.96",26
"IdealMats23","36.99",30,4,"2023-11-15","KachiFlavian293",30,"M","147.96",26
"IdealMats23","36.99",30,4,"2023-11-15","KachiFlavian143",20,"M","147.96",26
"IdealMats23","36.99",30,4,"2023-11-15","KachiFlavian113",30,"M","147.96",26
"IdealMats23","36.99",30,4,"2023-11-15","KachiFlavian203",20,"M","147.96",26
"IdealMats23","36.99",30,4,"2023-11-15","KachiFlavian53",30,"M","147.96",26
"IdealMats23","36.99",30,4,"2023-11-15","KachiFlavian263",20,"M","147.96",26
"IdealMats23","36.99",30,4,"2023-11-15","KachiFlavian53",30,"M","147.96",26
"IdealMats23","36.99",30,4,"2023-11-15","KachiFlavian53",30,"M","147.96",26
"IdealMats23","36.99",30,4,"2023-11-15","KachiFlavian53",30,"M","147.96",26
"IdealMats23","36.99",30,4,"2023-11-15","KachiFlavian233",30,"M","147.96",26
"IdealMats23","36.99",30,4,"2023-11-15","KachiFlavian173",30,"M","147.96",26
"IdealMats23","36.99",30,4,"2023-11-15","KachiFlavian173",30,"M","147.96",26
"IdealMats23","36.99",30,4,"2023-11-15","KachiFlavian83",20,"M","147.96",26
"IdealMats23","36.99",30,4,"2023-11-15","KachiFlavian263",20,"M","147.96",26
"IdealMats2","67.63",20,2,"2023-12-06","KachiFlavian32",29,"F","135.26",18
"IdealMats2","67.63",20,2,"2023-12-06","KachiFlavian32",29,"F","135.26",18
"IdealMats2","67.63",20,2,"2023-12-06","KachiFlavian92",29,"F","135.26",18
"IdealMats2","67.63",20,2,"2023-12-06","KachiFlavian92",29,"F","135.26",18
"IdealMats2","67.63",20,2,"2023-12-06","KachiFlavian182",19,"F","135.26",18
"IdealMats2","67.63",20,2,"2023-12-06","KachiFlavian62",19,"F","135.26",18
"IdealMats2","67.63",20,2,"2023-12-06","KachiFlavian122",19,"F","135.26",18
"IdealMats2","67.63",20,2,"2023-12-06","KachiFlavian62",19,"F","135.26",18
"IdealMats2","67.63",20,2,"2023-12-06","KachiFlavian272",29,"F","135.26",18
"IdealMats2","67.63",20,2,"2023-12-06","KachiFlavian92",29,"F","135.26",18
"IdealMats2","67.63",20,2,"2023-12-06","KachiFlavian272",29,"F","135.26",18
"IdealMats2","67.63",20,2,"2023-12-06","KachiFlavian2",19,"F","135.26",18
"IdealMats2","67.63",20,2,"2023-12-06","KachiFlavian212",29,"F","135.26",18
"IdealMats2","67.63",20,2,"2023-12-06","KachiFlavian272",29,"F","135.26",18
"IdealMats2","67.63",20,2,"2023-12-06","KachiFlavian182",19,"F","135.26",18
"IdealMats2","67.63",20,2,"2023-12-06","KachiFlavian32",29,"F","135.26",18
"IdealMats2","67.63",20,2,"2023-12-06","KachiFlavian62",19,"F","135.26",18
"IdealMats2","67.63",20,2,"2023-12-06","KachiFlavian92",29,"F","135.26",18
"IdealMats2","67.63",20,2,"2023-12-06","KachiFlavian122",19,"F","135.26",18
"IdealMats2","67.63",20,2,"2023-12-06","KachiFlavian212",29,"F","135.26",18
"IdealMats2","67.63",20,2,"2023-12-06","KachiFlavian242",19,"F","135.26",18
"IdealMats2","67.63",20,2,"2023-12-06","KachiFlavian62",19,"F","135.26",18
"IdealMats2","67.63",20,2,"2023-12-06","KachiFlavian2",19,"F","135.26",18
"IdealMats2","67.63",20,2,"2023-12-06","KachiFlavian152",29,"F","135.26",18
"IdealMats2","67.63",20,2,"2023-12-06","KachiFlavian2",19,"F","135.26",18
"IdealMats2","67.63",20,2,"2023-12-06","KachiFlavian242",19,"F","135.26",18
"IdealMats2","67.63",20,2,"2023-12-06","KachiFlavian152",29,"F","135.26",18
"IdealMats2","67.63",20,2,"2023-12-06","KachiFlavian122",19,"F","135.26",18
"IdealMats2","67.63",20,2,"2023-12-06","KachiFlavian152",29,"F","135.26",18
"IdealMats2","67.63",20,2,"2023-12-06","KachiFlavian32",29,"F","135.26",18
"IdealMats2","67.63",20,2,"2023-12-06","KachiFlavian182",19,"F","135.26",18
"IdealMats2","67.63",20,2,"2023-12-06","KachiFlavian212",29,"F","135.26",18
"IdealMats2","67.63",20,2,"2023-12-06","KachiFlavian242",19,"F","135.26",18
"IdealMats3","32.39",30,4,"2023-12-05","KachiFlavian3",20,"M","129.56",26
"IdealMats3","32.39",30,4,"2023-12-05","KachiFlavian123",20,"M","129.56",26
"IdealMats3","32.39",30,4,"2023-12-05","KachiFlavian243",20,"M","129.56",26
"IdealMats3","32.39",30,4,"2023-12-05","KachiFlavian63",20,"M","129.56",26
"IdealMats3","32.39",30,4,"2023-12-05","KachiFlavian3",20,"M","129.56",26
"IdealMats3","32.39",30,4,"2023-12-05","KachiFlavian273",30,"M","129.56",26
"IdealMats3","32.39",30,4,"2023-12-05","KachiFlavian213",30,"M","129.56",26
"IdealMats3","32.39",30,4,"2023-12-05","KachiFlavian33",30,"M","129.56",26
"IdealMats3","32.39",30,4,"2023-12-05","KachiFlavian63",20,"M","129.56",26
"IdealMats3","32.39",30,4,"2023-12-05","KachiFlavian243",20,"M","129.56",26
"IdealMats3","32.39",30,4,"2023-12-05","KachiFlavian153",30,"M","129.56",26
"IdealMats3","32.39",30,4,"2023-12-05","KachiFlavian183",20,"M","129.56",26
"IdealMats3","32.39",30,4,"2023-12-05","KachiFlavian63",20,"M","129.56",26
"IdealMats3","32.39",30,4,"2023-12-05","KachiFlavian153",30,"M","129.56",26
"IdealMats3","32.39",30,4,"2023-12-05","KachiFlavian183",20,"M","129.56",26
"IdealMats3","32.39",30,4,"2023-12-05","KachiFlavian123",20,"M","129.56",26
"IdealMats3","32.39",30,4,"2023-12-05","KachiFlavian123",20,"M","129.56",26
"IdealMats3","32.39",30,4,"2023-12-05","KachiFlavian93",30,"M","129.56",26
"IdealMats3","32.39",30,4,"2023-12-05","KachiFlavian273",30,"M","129.56",26
"IdealMats3","32.39",30,4,"2023-12-05","KachiFlavian33",30,"M","129.56",26
"IdealMats3","32.39",30,4,"2023-12-05","KachiFlavian213",30,"M","129.56",26
"IdealMats3","32.39",30,4,"2023-12-05","KachiFlavian93",30,"M","129.56",26
"IdealMats3","32.39",30,4,"2023-12-05","KachiFlavian93",30,"M","129.56",26
"IdealMats3","32.39",30,4,"2023-12-05","KachiFlavian33",30,"M","129.56",26
"IdealMats3","32.39",30,4,"2023-12-05","KachiFlavian183",20,"M","129.56",26
"IdealMats3","32.39",30,4,"2023-12-05","KachiFlavian63",20,"M","129.56",26
"IdealMats3","32.39",30,4,"2023-12-05","KachiFlavian153",30,"M","129.56",26
"IdealMats3","32.39",30,4,"2023-12-05","KachiFlavian243",20,"M","129.56",26
"IdealMats3","32.39",30,4,"2023-12-05","KachiFlavian33",30,"M","129.56",26
"IdealMats3","32.39",30,4,"2023-12-05","KachiFlavian3",20,"M","129.56",26
"IdealMats3","32.39",30,4,"2023-12-05","KachiFlavian93",30,"M","129.56",26
"IdealMats3","32.39",30,4,"2023-12-05","KachiFlavian3",20,"M","129.56",26
"IdealMats3","32.39",30,4,"2023-12-05","KachiFlavian213",30,"M","129.56",26
"IdealMats3","32.39",30,4,"2023-12-05","KachiFlavian273",30,"M","129.56",26
"IdealMats27","63.62",70,2,"2023-11-11","KachiFlavian237",34,"M","127.24",68
"IdealMats27","63.62",70,2,"2023-11-11","KachiFlavian237",34,"M","127.24",68
"IdealMats27","63.62",70,2,"2023-11-11","KachiFlavian57",34,"M","127.24",68
"IdealMats27","63.62",70,2,"2023-11-11","KachiFlavian27",24,"M","127.24",68
"IdealMats27","63.62",70,2,"2023-11-11","KachiFlavian57",34,"M","127.24",68
"IdealMats27","63.62",70,2,"2023-11-11","KachiFlavian267",24,"M","127.24",68
"IdealMats27","63.62",70,2,"2023-11-11","KachiFlavian57",34,"M","127.24",68
"IdealMats27","63.62",70,2,"2023-11-11","KachiFlavian87",24,"M","127.24",68
"IdealMats27","63.62",70,2,"2023-11-11","KachiFlavian87",24,"M","127.24",68
"IdealMats27","63.62",70,2,"2023-11-11","KachiFlavian147",24,"M","127.24",68
"IdealMats27","63.62",70,2,"2023-11-11","KachiFlavian57",34,"M","127.24",68
"IdealMats27","63.62",70,2,"2023-11-11","KachiFlavian177",34,"M","127.24",68
"IdealMats27","63.62",70,2,"2023-11-11","KachiFlavian117",34,"M","127.24",68
"IdealMats27","63.62",70,2,"2023-11-11","KachiFlavian207",24,"M","127.24",68
"IdealMats27","63.62",70,2,"2023-11-11","KachiFlavian147",24,"M","127.24",68
"IdealMats27","63.62",70,2,"2023-11-11","KachiFlavian117",34,"M","127.24",68
"IdealMats27","63.62",70,2,"2023-11-11","KachiFlavian297",34,"M","127.24",68
"IdealMats27","63.62",70,2,"2023-11-11","KachiFlavian297",34,"M","127.24",68
"IdealMats27","63.62",70,2,"2023-11-11","KachiFlavian297",34,"M","127.24",68
"IdealMats27","63.62",70,2,"2023-11-11","KachiFlavian87",24,"M","127.24",68
"IdealMats27","63.62",70,2,"2023-11-11","KachiFlavian27",24,"M","127.24",68
"IdealMats27","63.62",70,2,"2023-11-11","KachiFlavian27",24,"M","127.24",68
"IdealMats27","63.62",70,2,"2023-11-11","KachiFlavian207",24,"M","127.24",68
"IdealMats27","63.62",70,2,"2023-11-11","KachiFlavian267",24,"M","127.24",68
"IdealMats27","63.62",70,2,"2023-11-11","KachiFlavian117",34,"M","127.24",68
"IdealMats27","63.62",70,2,"2023-11-11","KachiFlavian87",24,"M","127.24",68
"IdealMats27","63.62",70,2,"2023-11-11","KachiFlavian237",34,"M","127.24",68
"IdealMats27","63.62",70,2,"2023-11-11","KachiFlavian207",24,"M","127.24",68
"IdealMats27","63.62",70,2,"2023-11-11","KachiFlavian267",24,"M","127.24",68
"IdealMats27","63.62",70,2,"2023-11-11","KachiFlavian147",24,"M","127.24",68
"IdealMats27","63.62",70,2,"2023-11-11","KachiFlavian177",34,"M","127.24",68
"IdealMats27","63.62",70,2,"2023-11-11","KachiFlavian177",34,"M","127.24",68
"IdealMats27","63.62",70,2,"2023-11-11","KachiFlavian27",24,"M","127.24",68
"IdealMats12","58.35",20,2,"2023-11-26","KachiFlavian102",19,"F","116.70",18
"IdealMats12","58.35",20,2,"2023-11-26","KachiFlavian12",29,"F","116.70",18
"IdealMats12","58.35",20,2,"2023-11-26","KachiFlavian42",19,"F","116.70",18
"IdealMats12","58.35",20,2,"2023-11-26","KachiFlavian72",29,"F","116.70",18
"IdealMats12","58.35",20,2,"2023-11-26","KachiFlavian102",19,"F","116.70",18
"IdealMats12","58.35",20,2,"2023-11-26","KachiFlavian132",29,"F","116.70",18
"IdealMats12","58.35",20,2,"2023-11-26","KachiFlavian162",19,"F","116.70",18
"IdealMats12","58.35",20,2,"2023-11-26","KachiFlavian192",29,"F","116.70",18
"IdealMats12","58.35",20,2,"2023-11-26","KachiFlavian222",19,"F","116.70",18
"IdealMats12","58.35",20,2,"2023-11-26","KachiFlavian252",29,"F","116.70",18
"IdealMats12","58.35",20,2,"2023-11-26","KachiFlavian282",19,"F","116.70",18
"IdealMats12","58.35",20,2,"2023-11-26","KachiFlavian12",29,"F","116.70",18
"IdealMats12","58.35",20,2,"2023-11-26","KachiFlavian42",19,"F","116.70",18
"IdealMats12","58.35",20,2,"2023-11-26","KachiFlavian72",29,"F","116.70",18
"IdealMats12","58.35",20,2,"2023-11-26","KachiFlavian102",19,"F","116.70",18
"IdealMats12","58.35",20,2,"2023-11-26","KachiFlavian132",29,"F","116.70",18
"IdealMats12","58.35",20,2,"2023-11-26","KachiFlavian162",19,"F","116.70",18
"IdealMats12","58.35",20,2,"2023-11-26","KachiFlavian192",29,"F","116.70",18
"IdealMats12","58.35",20,2,"2023-11-26","KachiFlavian222",19,"F","116.70",18
"IdealMats12","58.35",20,2,"2023-11-26","KachiFlavian252",29,"F","116.70",18
"IdealMats12","58.35",20,2,"2023-11-26","KachiFlavian282",19,"F","116.70",18
"IdealMats12","58.35",20,2,"2023-11-26","KachiFlavian12",29,"F","116.70",18
"IdealMats12","58.35",20,2,"2023-11-26","KachiFlavian42",19,"F","116.70",18
"IdealMats12","58.35",20,2,"2023-11-26","KachiFlavian72",29,"F","116.70",18
"IdealMats12","58.35",20,2,"2023-11-26","KachiFlavian102",19,"F","116.70",18
"IdealMats12","58.35",20,2,"2023-11-26","KachiFlavian132",29,"F","116.70",18
"IdealMats12","58.35",20,2,"2023-11-26","KachiFlavian162",19,"F","116.70",18
"IdealMats12","58.35",20,2,"2023-11-26","KachiFlavian192",29,"F","116.70",18
"IdealMats12","58.35",20,2,"2023-11-26","KachiFlavian222",19,"F","116.70",18
"IdealMats12","58.35",20,2,"2023-11-26","KachiFlavian252",29,"F","116.70",18
"IdealMats12","58.35",20,2,"2023-11-26","KachiFlavian282",19,"F","116.70",18
"IdealMats12","58.35",20,2,"2023-11-26","KachiFlavian12",29,"F","116.70",18
"IdealMats12","58.35",20,2,"2023-11-26","KachiFlavian42",19,"F","116.70",18
"IdealMats12","58.35",20,2,"2023-11-26","KachiFlavian72",29,"F","116.70",18
"IdealMats8","25.04",80,4,"2023-11-30","KachiFlavian98",35,"F","100.16",76
"IdealMats8","25.04",80,4,"2023-11-30","KachiFlavian68",25,"F","100.16",76
"IdealMats8","25.04",80,4,"2023-11-30","KachiFlavian218",35,"F","100.16",76
"IdealMats8","25.04",80,4,"2023-11-30","KachiFlavian8",25,"F","100.16",76
"IdealMats8","25.04",80,4,"2023-11-30","KachiFlavian128",25,"F","100.16",76
"IdealMats8","25.04",80,4,"2023-11-30","KachiFlavian38",35,"F","100.16",76
"IdealMats8","25.04",80,4,"2023-11-30","KachiFlavian158",35,"F","100.16",76
"IdealMats8","25.04",80,4,"2023-11-30","KachiFlavian8",25,"F","100.16",76
"IdealMats8","25.04",80,4,"2023-11-30","KachiFlavian278",35,"F","100.16",76
"IdealMats8","25.04",80,4,"2023-11-30","KachiFlavian8",25,"F","100.16",76
"IdealMats8","25.04",80,4,"2023-11-30","KachiFlavian248",25,"F","100.16",76
"IdealMats8","25.04",80,4,"2023-11-30","KachiFlavian188",25,"F","100.16",76
"IdealMats8","25.04",80,4,"2023-11-30","KachiFlavian68",25,"F","100.16",76
"IdealMats8","25.04",80,4,"2023-11-30","KachiFlavian158",35,"F","100.16",76
"IdealMats8","25.04",80,4,"2023-11-30","KachiFlavian218",35,"F","100.16",76
"IdealMats8","25.04",80,4,"2023-11-30","KachiFlavian38",35,"F","100.16",76
"IdealMats8","25.04",80,4,"2023-11-30","KachiFlavian278",35,"F","100.16",76
"IdealMats8","25.04",80,4,"2023-11-30","KachiFlavian68",25,"F","100.16",76
"IdealMats8","25.04",80,4,"2023-11-30","KachiFlavian188",25,"F","100.16",76
"IdealMats8","25.04",80,4,"2023-11-30","KachiFlavian98",35,"F","100.16",76
"IdealMats8","25.04",80,4,"2023-11-30","KachiFlavian38",35,"F","100.16",76
"IdealMats8","25.04",80,4,"2023-11-30","KachiFlavian68",25,"F","100.16",76
"IdealMats8","25.04",80,4,"2023-11-30","KachiFlavian278",35,"F","100.16",76
"IdealMats8","25.04",80,4,"2023-11-30","KachiFlavian188",25,"F","100.16",76
"IdealMats8","25.04",80,4,"2023-11-30","KachiFlavian128",25,"F","100.16",76
"IdealMats8","25.04",80,4,"2023-11-30","KachiFlavian248",25,"F","100.16",76
"IdealMats8","25.04",80,4,"2023-11-30","KachiFlavian248",25,"F","100.16",76
"IdealMats8","25.04",80,4,"2023-11-30","KachiFlavian98",35,"F","100.16",76
"IdealMats8","25.04",80,4,"2023-11-30","KachiFlavian158",35,"F","100.16",76
"IdealMats8","25.04",80,4,"2023-11-30","KachiFlavian98",35,"F","100.16",76
"IdealMats8","25.04",80,4,"2023-11-30","KachiFlavian128",25,"F","100.16",76
"IdealMats8","25.04",80,4,"2023-11-30","KachiFlavian38",35,"F","100.16",76
"IdealMats8","25.04",80,4,"2023-11-30","KachiFlavian8",25,"F","100.16",76
"IdealMats8","25.04",80,4,"2023-11-30","KachiFlavian218",35,"F","100.16",76
"IdealMats19","15.75",90,6,"2023-11-19","KachiFlavian199",36,"M","94.50",84
"IdealMats19","15.75",90,6,"2023-11-19","KachiFlavian109",26,"M","94.50",84
"IdealMats19","15.75",90,6,"2023-11-19","KachiFlavian49",26,"M","94.50",84
"IdealMats19","15.75",90,6,"2023-11-19","KachiFlavian19",36,"M","94.50",84
"IdealMats19","15.75",90,6,"2023-11-19","KachiFlavian289",26,"M","94.50",84
"IdealMats19","15.75",90,6,"2023-11-19","KachiFlavian79",36,"M","94.50",84
"IdealMats19","15.75",90,6,"2023-11-19","KachiFlavian79",36,"M","94.50",84
"IdealMats19","15.75",90,6,"2023-11-19","KachiFlavian169",26,"M","94.50",84
"IdealMats19","15.75",90,6,"2023-11-19","KachiFlavian79",36,"M","94.50",84
"IdealMats19","15.75",90,6,"2023-11-19","KachiFlavian79",36,"M","94.50",84
"IdealMats19","15.75",90,6,"2023-11-19","KachiFlavian49",26,"M","94.50",84
"IdealMats19","15.75",90,6,"2023-11-19","KachiFlavian199",36,"M","94.50",84
"IdealMats19","15.75",90,6,"2023-11-19","KachiFlavian139",36,"M","94.50",84
"IdealMats19","15.75",90,6,"2023-11-19","KachiFlavian109",26,"M","94.50",84
"IdealMats19","15.75",90,6,"2023-11-19","KachiFlavian19",36,"M","94.50",84
"IdealMats19","15.75",90,6,"2023-11-19","KachiFlavian139",36,"M","94.50",84
"IdealMats19","15.75",90,6,"2023-11-19","KachiFlavian289",26,"M","94.50",84
"IdealMats19","15.75",90,6,"2023-11-19","KachiFlavian169",26,"M","94.50",84
"IdealMats19","15.75",90,6,"2023-11-19","KachiFlavian49",26,"M","94.50",84
"IdealMats19","15.75",90,6,"2023-11-19","KachiFlavian259",36,"M","94.50",84
"IdealMats19","15.75",90,6,"2023-11-19","KachiFlavian229",26,"M","94.50",84
"IdealMats19","15.75",90,6,"2023-11-19","KachiFlavian199",36,"M","94.50",84
"IdealMats19","15.75",90,6,"2023-11-19","KachiFlavian229",26,"M","94.50",84
"IdealMats19","15.75",90,6,"2023-11-19","KachiFlavian109",26,"M","94.50",84
"IdealMats19","15.75",90,6,"2023-11-19","KachiFlavian229",26,"M","94.50",84
"IdealMats19","15.75",90,6,"2023-11-19","KachiFlavian19",36,"M","94.50",84
"IdealMats19","15.75",90,6,"2023-11-19","KachiFlavian259",36,"M","94.50",84
"IdealMats19","15.75",90,6,"2023-11-19","KachiFlavian19",36,"M","94.50",84
"IdealMats19","15.75",90,6,"2023-11-19","KachiFlavian169",26,"M","94.50",84
"IdealMats19","15.75",90,6,"2023-11-19","KachiFlavian49",26,"M","94.50",84
"IdealMats19","15.75",90,6,"2023-11-19","KachiFlavian259",36,"M","94.50",84
"IdealMats19","15.75",90,6,"2023-11-19","KachiFlavian289",26,"M","94.50",84
"IdealMats19","15.75",90,6,"2023-11-19","KachiFlavian139",36,"M","94.50",84
"IdealMats29","13.90",90,6,"2023-11-09","KachiFlavian89",26,"M","83.40",84
"IdealMats29","13.90",90,6,"2023-11-09","KachiFlavian119",36,"M","83.40",84
"IdealMats29","13.90",90,6,"2023-11-09","KachiFlavian239",36,"M","83.40",84
"IdealMats29","13.90",90,6,"2023-11-09","KachiFlavian29",26,"M","83.40",84
"IdealMats29","13.90",90,6,"2023-11-09","KachiFlavian149",26,"M","83.40",84
"IdealMats29","13.90",90,6,"2023-11-09","KachiFlavian209",26,"M","83.40",84
"IdealMats29","13.90",90,6,"2023-11-09","KachiFlavian29",26,"M","83.40",84
"IdealMats29","13.90",90,6,"2023-11-09","KachiFlavian239",36,"M","83.40",84
"IdealMats29","13.90",90,6,"2023-11-09","KachiFlavian119",36,"M","83.40",84
"IdealMats29","13.90",90,6,"2023-11-09","KachiFlavian119",36,"M","83.40",84
"IdealMats29","13.90",90,6,"2023-11-09","KachiFlavian89",26,"M","83.40",84
"IdealMats29","13.90",90,6,"2023-11-09","KachiFlavian59",36,"M","83.40",84
"IdealMats29","13.90",90,6,"2023-11-09","KachiFlavian149",26,"M","83.40",84
"IdealMats29","13.90",90,6,"2023-11-09","KachiFlavian299",36,"M","83.40",84
"IdealMats29","13.90",90,6,"2023-11-09","KachiFlavian179",36,"M","83.40",84
"IdealMats29","13.90",90,6,"2023-11-09","KachiFlavian59",36,"M","83.40",84
"IdealMats29","13.90",90,6,"2023-11-09","KachiFlavian59",36,"M","83.40",84
"IdealMats29","13.90",90,6,"2023-11-09","KachiFlavian299",36,"M","83.40",84
"IdealMats29","13.90",90,6,"2023-11-09","KachiFlavian269",26,"M","83.40",84
"IdealMats29","13.90",90,6,"2023-11-09","KachiFlavian29",26,"M","83.40",84
"IdealMats29","13.90",90,6,"2023-11-09","KachiFlavian269",26,"M","83.40",84
"IdealMats29","13.90",90,6,"2023-11-09","KachiFlavian179",36,"M","83.40",84
"IdealMats29","13.90",90,6,"2023-11-09","KachiFlavian149",26,"M","83.40",84
"IdealMats29","13.90",90,6,"2023-11-09","KachiFlavian269",26,"M","83.40",84
"IdealMats29","13.90",90,6,"2023-11-09","KachiFlavian179",36,"M","83.40",84
"IdealMats29","13.90",90,6,"2023-11-09","KachiFlavian89",26,"M","83.40",84
"IdealMats29","13.90",90,6,"2023-11-09","KachiFlavian59",36,"M","83.40",84
"IdealMats29","13.90",90,6,"2023-11-09","KachiFlavian299",36,"M","83.40",84
"IdealMats29","13.90",90,6,"2023-11-09","KachiFlavian239",36,"M","83.40",84
"IdealMats29","13.90",90,6,"2023-11-09","KachiFlavian89",26,"M","83.40",84
"IdealMats29","13.90",90,6,"2023-11-09","KachiFlavian209",26,"M","83.40",84
"IdealMats29","13.90",90,6,"2023-11-09","KachiFlavian209",26,"M","83.40",84
"IdealMats29","13.90",90,6,"2023-11-09","KachiFlavian29",26,"M","83.40",84
"IdealMats13","20.00",30,4,"2023-11-25","KachiFlavian73",30,"M","80.00",26
"IdealMats13","20.00",30,4,"2023-11-25","KachiFlavian133",30,"M","80.00",26
"IdealMats13","20.00",30,4,"2023-11-25","KachiFlavian103",20,"M","80.00",26
"IdealMats13","20.00",30,4,"2023-11-25","KachiFlavian73",30,"M","80.00",26
"IdealMats13","20.00",30,4,"2023-11-25","KachiFlavian193",30,"M","80.00",26
"IdealMats13","20.00",30,4,"2023-11-25","KachiFlavian43",20,"M","80.00",26
"IdealMats13","20.00",30,4,"2023-11-25","KachiFlavian13",30,"M","80.00",26
"IdealMats13","20.00",30,4,"2023-11-25","KachiFlavian283",20,"M","80.00",26
"IdealMats13","20.00",30,4,"2023-11-25","KachiFlavian223",20,"M","80.00",26
"IdealMats13","20.00",30,4,"2023-11-25","KachiFlavian253",30,"M","80.00",26
"IdealMats13","20.00",30,4,"2023-11-25","KachiFlavian223",20,"M","80.00",26
"IdealMats13","20.00",30,4,"2023-11-25","KachiFlavian193",30,"M","80.00",26
"IdealMats13","20.00",30,4,"2023-11-25","KachiFlavian253",30,"M","80.00",26
"IdealMats13","20.00",30,4,"2023-11-25","KachiFlavian163",20,"M","80.00",26
"IdealMats13","20.00",30,4,"2023-11-25","KachiFlavian133",30,"M","80.00",26
"IdealMats13","20.00",30,4,"2023-11-25","KachiFlavian103",20,"M","80.00",26
"IdealMats13","20.00",30,4,"2023-11-25","KachiFlavian283",20,"M","80.00",26
"IdealMats13","20.00",30,4,"2023-11-25","KachiFlavian73",30,"M","80.00",26
"IdealMats13","20.00",30,4,"2023-11-25","KachiFlavian43",20,"M","80.00",26
"IdealMats13","20.00",30,4,"2023-11-25","KachiFlavian13",30,"M","80.00",26
"IdealMats13","20.00",30,4,"2023-11-25","KachiFlavian13",30,"M","80.00",26
"IdealMats13","20.00",30,4,"2023-11-25","KachiFlavian13",30,"M","80.00",26
"IdealMats13","20.00",30,4,"2023-11-25","KachiFlavian283",20,"M","80.00",26
"IdealMats13","20.00",30,4,"2023-11-25","KachiFlavian253",30,"M","80.00",26
"IdealMats13","20.00",30,4,"2023-11-25","KachiFlavian223",20,"M","80.00",26
"IdealMats13","20.00",30,4,"2023-11-25","KachiFlavian43",20,"M","80.00",26
"IdealMats13","20.00",30,4,"2023-11-25","KachiFlavian193",30,"M","80.00",26
"IdealMats13","20.00",30,4,"2023-11-25","KachiFlavian163",20,"M","80.00",26
"IdealMats13","20.00",30,4,"2023-11-25","KachiFlavian133",30,"M","80.00",26
"IdealMats13","20.00",30,4,"2023-11-25","KachiFlavian103",20,"M","80.00",26
"IdealMats13","20.00",30,4,"2023-11-25","KachiFlavian73",30,"M","80.00",26
"IdealMats13","20.00",30,4,"2023-11-25","KachiFlavian43",20,"M","80.00",26
"IdealMats13","20.00",30,4,"2023-11-25","KachiFlavian163",20,"M","80.00",26
"IdealMats24","13.03",40,6,"2023-11-14","KachiFlavian234",31,"F","78.18",34
"IdealMats24","13.03",40,6,"2023-11-14","KachiFlavian84",21,"F","78.18",34
"IdealMats24","13.03",40,6,"2023-11-14","KachiFlavian234",31,"F","78.18",34
"IdealMats24","13.03",40,6,"2023-11-14","KachiFlavian174",31,"F","78.18",34
"IdealMats24","13.03",40,6,"2023-11-14","KachiFlavian204",21,"F","78.18",34
"IdealMats24","13.03",40,6,"2023-11-14","KachiFlavian204",21,"F","78.18",34
"IdealMats24","13.03",40,6,"2023-11-14","KachiFlavian114",31,"F","78.18",34
"IdealMats24","13.03",40,6,"2023-11-14","KachiFlavian114",31,"F","78.18",34
"IdealMats24","13.03",40,6,"2023-11-14","KachiFlavian264",21,"F","78.18",34
"IdealMats24","13.03",40,6,"2023-11-14","KachiFlavian264",21,"F","78.18",34
"IdealMats24","13.03",40,6,"2023-11-14","KachiFlavian174",31,"F","78.18",34
"IdealMats24","13.03",40,6,"2023-11-14","KachiFlavian24",21,"F","78.18",34
"IdealMats24","13.03",40,6,"2023-11-14","KachiFlavian144",21,"F","78.18",34
"IdealMats24","13.03",40,6,"2023-11-14","KachiFlavian54",31,"F","78.18",34
"IdealMats24","13.03",40,6,"2023-11-14","KachiFlavian174",31,"F","78.18",34
"IdealMats24","13.03",40,6,"2023-11-14","KachiFlavian84",21,"F","78.18",34
"IdealMats24","13.03",40,6,"2023-11-14","KachiFlavian294",31,"F","78.18",34
"IdealMats24","13.03",40,6,"2023-11-14","KachiFlavian264",21,"F","78.18",34
"IdealMats24","13.03",40,6,"2023-11-14","KachiFlavian54",31,"F","78.18",34
"IdealMats24","13.03",40,6,"2023-11-14","KachiFlavian144",21,"F","78.18",34
"IdealMats24","13.03",40,6,"2023-11-14","KachiFlavian294",31,"F","78.18",34
"IdealMats24","13.03",40,6,"2023-11-14","KachiFlavian24",21,"F","78.18",34
"IdealMats24","13.03",40,6,"2023-11-14","KachiFlavian294",31,"F","78.18",34
"IdealMats24","13.03",40,6,"2023-11-14","KachiFlavian24",21,"F","78.18",34
"IdealMats24","13.03",40,6,"2023-11-14","KachiFlavian204",21,"F","78.18",34
"IdealMats24","13.03",40,6,"2023-11-14","KachiFlavian84",21,"F","78.18",34
"IdealMats24","13.03",40,6,"2023-11-14","KachiFlavian24",21,"F","78.18",34
"IdealMats24","13.03",40,6,"2023-11-14","KachiFlavian84",21,"F","78.18",34
"IdealMats24","13.03",40,6,"2023-11-14","KachiFlavian234",31,"F","78.18",34
"IdealMats24","13.03",40,6,"2023-11-14","KachiFlavian144",21,"F","78.18",34
"IdealMats24","13.03",40,6,"2023-11-14","KachiFlavian114",31,"F","78.18",34
"IdealMats24","13.03",40,6,"2023-11-14","KachiFlavian54",31,"F","78.18",34
"IdealMats24","13.03",40,6,"2023-11-14","KachiFlavian54",31,"F","78.18",34
"IdealMats7","27.08",70,2,"2023-12-01","KachiFlavian217",34,"M","54.16",68
"IdealMats7","27.08",70,2,"2023-12-01","KachiFlavian7",24,"M","54.16",68
"IdealMats7","27.08",70,2,"2023-12-01","KachiFlavian7",24,"M","54.16",68
"IdealMats7","27.08",70,2,"2023-12-01","KachiFlavian97",34,"M","54.16",68
"IdealMats7","27.08",70,2,"2023-12-01","KachiFlavian157",34,"M","54.16",68
"IdealMats7","27.08",70,2,"2023-12-01","KachiFlavian277",34,"M","54.16",68
"IdealMats7","27.08",70,2,"2023-12-01","KachiFlavian187",24,"M","54.16",68
"IdealMats7","27.08",70,2,"2023-12-01","KachiFlavian37",34,"M","54.16",68
"IdealMats7","27.08",70,2,"2023-12-01","KachiFlavian247",24,"M","54.16",68
"IdealMats7","27.08",70,2,"2023-12-01","KachiFlavian247",24,"M","54.16",68
"IdealMats7","27.08",70,2,"2023-12-01","KachiFlavian217",34,"M","54.16",68
"IdealMats7","27.08",70,2,"2023-12-01","KachiFlavian217",34,"M","54.16",68
"IdealMats7","27.08",70,2,"2023-12-01","KachiFlavian37",34,"M","54.16",68
"IdealMats7","27.08",70,2,"2023-12-01","KachiFlavian247",24,"M","54.16",68
"IdealMats7","27.08",70,2,"2023-12-01","KachiFlavian127",24,"M","54.16",68
"IdealMats7","27.08",70,2,"2023-12-01","KachiFlavian187",24,"M","54.16",68
"IdealMats7","27.08",70,2,"2023-12-01","KachiFlavian97",34,"M","54.16",68
"IdealMats7","27.08",70,2,"2023-12-01","KachiFlavian277",34,"M","54.16",68
"IdealMats7","27.08",70,2,"2023-12-01","KachiFlavian127",24,"M","54.16",68
"IdealMats7","27.08",70,2,"2023-12-01","KachiFlavian157",34,"M","54.16",68
"IdealMats7","27.08",70,2,"2023-12-01","KachiFlavian7",24,"M","54.16",68
"IdealMats7","27.08",70,2,"2023-12-01","KachiFlavian157",34,"M","54.16",68
"IdealMats7","27.08",70,2,"2023-12-01","KachiFlavian127",24,"M","54.16",68
"IdealMats7","27.08",70,2,"2023-12-01","KachiFlavian67",24,"M","54.16",68
"IdealMats7","27.08",70,2,"2023-12-01","KachiFlavian7",24,"M","54.16",68
"IdealMats7","27.08",70,2,"2023-12-01","KachiFlavian37",34,"M","54.16",68
"IdealMats7","27.08",70,2,"2023-12-01","KachiFlavian97",34,"M","54.16",68
"IdealMats7","27.08",70,2,"2023-12-01","KachiFlavian67",24,"M","54.16",68
"IdealMats7","27.08",70,2,"2023-12-01","KachiFlavian187",24,"M","54.16",68
"IdealMats7","27.08",70,2,"2023-12-01","KachiFlavian67",24,"M","54.16",68
"IdealMats7","27.08",70,2,"2023-12-01","KachiFlavian67",24,"M","54.16",68
"IdealMats7","27.08",70,2,"2023-12-01","KachiFlavian97",34,"M","54.16",68
"IdealMats7","27.08",70,2,"2023-12-01","KachiFlavian277",34,"M","54.16",68
"IdealMats7","27.08",70,2,"2023-12-01","KachiFlavian37",34,"M","54.16",68
"IdealMats28","1.93",80,4,"2023-11-10","KachiFlavian238",35,"F","7.72",76
"IdealMats28","1.93",80,4,"2023-11-10","KachiFlavian208",25,"F","7.72",76
"IdealMats28","1.93",80,4,"2023-11-10","KachiFlavian118",35,"F","7.72",76
"IdealMats28","1.93",80,4,"2023-11-10","KachiFlavian298",35,"F","7.72",76
"IdealMats28","1.93",80,4,"2023-11-10","KachiFlavian238",35,"F","7.72",76
"IdealMats28","1.93",80,4,"2023-11-10","KachiFlavian88",25,"F","7.72",76
"IdealMats28","1.93",80,4,"2023-11-10","KachiFlavian58",35,"F","7.72",76
"IdealMats28","1.93",80,4,"2023-11-10","KachiFlavian88",25,"F","7.72",76
"IdealMats28","1.93",80,4,"2023-11-10","KachiFlavian238",35,"F","7.72",76
"IdealMats28","1.93",80,4,"2023-11-10","KachiFlavian28",25,"F","7.72",76
"IdealMats28","1.93",80,4,"2023-11-10","KachiFlavian208",25,"F","7.72",76
"IdealMats28","1.93",80,4,"2023-11-10","KachiFlavian148",25,"F","7.72",76
"IdealMats28","1.93",80,4,"2023-11-10","KachiFlavian88",25,"F","7.72",76
"IdealMats28","1.93",80,4,"2023-11-10","KachiFlavian298",35,"F","7.72",76
"IdealMats28","1.93",80,4,"2023-11-10","KachiFlavian28",25,"F","7.72",76
"IdealMats28","1.93",80,4,"2023-11-10","KachiFlavian268",25,"F","7.72",76
"IdealMats28","1.93",80,4,"2023-11-10","KachiFlavian58",35,"F","7.72",76
"IdealMats28","1.93",80,4,"2023-11-10","KachiFlavian178",35,"F","7.72",76
"IdealMats28","1.93",80,4,"2023-11-10","KachiFlavian268",25,"F","7.72",76
"IdealMats28","1.93",80,4,"2023-11-10","KachiFlavian118",35,"F","7.72",76
"IdealMats28","1.93",80,4,"2023-11-10","KachiFlavian148",25,"F","7.72",76
"IdealMats28","1.93",80,4,"2023-11-10","KachiFlavian58",35,"F","7.72",76
"IdealMats28","1.93",80,4,"2023-11-10","KachiFlavian298",35,"F","7.72",76
"IdealMats28","1.93",80,4,"2023-11-10","KachiFlavian178",35,"F","7.72",76
"IdealMats28","1.93",80,4,"2023-11-10","KachiFlavian178",35,"F","7.72",76
"IdealMats28","1.93",80,4,"2023-11-10","KachiFlavian88",25,"F","7.72",76
"IdealMats28","1.93",80,4,"2023-11-10","KachiFlavian208",25,"F","7.72",76
"IdealMats28","1.93",80,4,"2023-11-10","KachiFlavian58",35,"F","7.72",76
"IdealMats28","1.93",80,4,"2023-11-10","KachiFlavian268",25,"F","7.72",76
"IdealMats28","1.93",80,4,"2023-11-10","KachiFlavian118",35,"F","7.72",76
"IdealMats28","1.93",80,4,"2023-11-10","KachiFlavian148",25,"F","7.72",76
"IdealMats28","1.93",80,4,"2023-11-10","KachiFlavian28",25,"F","7.72",76
"IdealMats28","1.93",80,4,"2023-11-10","KachiFlavian28",25,"F","7.72",76
