"userid","firstname","lastname","age","sex","username"
1,"Kachi2","Flavian2",19,"F","KachiFlavian2"
2,"Kachi3","Flavian3",20,"M","KachiFlavian3"
3,"Kachi4","Flavian4",21,"F","KachiFlavian4"
4,"Kachi5","Flavian5",22,"M","KachiFlavian5"
5,"Kachi6","Flavian6",23,"F","KachiFlavian6"
6,"Kachi7","Flavian7",24,"M","KachiFlavian7"
7,"Kachi8","Flavian8",25,"F","KachiFlavian8"
8,"Kachi9","Flavian9",26,"M","KachiFlavian9"
9,"Kachi10","Flavian10",27,"F","KachiFlavian10"
10,"Kachi11","Flavian11",28,"M","KachiFlavian11"
11,"Kachi12","Flavian12",29,"F","KachiFlavian12"
12,"Kachi13","Flavian13",30,"M","KachiFlavian13"
13,"Kachi14","Flavian14",31,"F","KachiFlavian14"
14,"Kachi15","Flavian15",32,"M","KachiFlavian15"
15,"Kachi16","Flavian16",33,"F","KachiFlavian16"
16,"Kachi17","Flavian17",34,"M","KachiFlavian17"
17,"Kachi18","Flavian18",35,"F","KachiFlavian18"
18,"Kachi19","Flavian19",36,"M","KachiFlavian19"
19,"Kachi20","Flavian20",37,"F","KachiFlavian20"
20,"Kachi21","Flavian21",18,"M","KachiFlavian21"
21,"Kachi22","Flavian22",19,"F","KachiFlavian22"
22,"Kachi23","Flavian23",20,"M","KachiFlavian23"
23,"Kachi24","Flavian24",21,"F","KachiFlavian24"
24,"Kachi25","Flavian25",22,"M","KachiFlavian25"
25,"Kachi26","Flavian26",23,"F","KachiFlavian26"
26,"Kachi27","Flavian27",24,"M","KachiFlavian27"
27,"Kachi28","Flavian28",25,"F","KachiFlavian28"
28,"Kachi29","Flavian29",26,"M","KachiFlavian29"
29,"Kachi30","Flavian30",27,"F","KachiFlavian30"
30,"Kachi31","Flavian31",28,"M","KachiFlavian31"
31,"Kachi32","Flavian32",29,"F","KachiFlavian32"
32,"Kachi33","Flavian33",30,"M","KachiFlavian33"
33,"Kachi34","Flavian34",31,"F","KachiFlavian34"
34,"Kachi35","Flavian35",32,"M","KachiFlavian35"
35,"Kachi36","Flavian36",33,"F","KachiFlavian36"
36,"Kachi37","Flavian37",34,"M","KachiFlavian37"
37,"Kachi38","Flavian38",35,"F","KachiFlavian38"
38,"Kachi39","Flavian39",36,"M","KachiFlavian39"
39,"Kachi40","Flavian40",37,"F","KachiFlavian40"
40,"Kachi41","Flavian41",18,"M","KachiFlavian41"
41,"Kachi42","Flavian42",19,"F","KachiFlavian42"
42,"Kachi43","Flavian43",20,"M","KachiFlavian43"
43,"Kachi44","Flavian44",21,"F","KachiFlavian44"
44,"Kachi45","Flavian45",22,"M","KachiFlavian45"
45,"Kachi46","Flavian46",23,"F","KachiFlavian46"
46,"Kachi47","Flavian47",24,"M","KachiFlavian47"
47,"Kachi48","Flavian48",25,"F","KachiFlavian48"
48,"Kachi49","Flavian49",26,"M","KachiFlavian49"
49,"Kachi50","Flavian50",27,"F","KachiFlavian50"
50,"Kachi51","Flavian51",28,"M","KachiFlavian51"
51,"Kachi52","Flavian52",29,"F","KachiFlavian52"
52,"Kachi53","Flavian53",30,"M","KachiFlavian53"
53,"Kachi54","Flavian54",31,"F","KachiFlavian54"
54,"Kachi55","Flavian55",32,"M","KachiFlavian55"
55,"Kachi56","Flavian56",33,"F","KachiFlavian56"
56,"Kachi57","Flavian57",34,"M","KachiFlavian57"
57,"Kachi58","Flavian58",35,"F","KachiFlavian58"
58,"Kachi59","Flavian59",36,"M","KachiFlavian59"
59,"Kachi60","Flavian60",37,"F","KachiFlavian60"
60,"Kachi61","Flavian61",18,"M","KachiFlavian61"
61,"Kachi62","Flavian62",19,"F","KachiFlavian62"
62,"Kachi63","Flavian63",20,"M","KachiFlavian63"
63,"Kachi64","Flavian64",21,"F","KachiFlavian64"
64,"Kachi65","Flavian65",22,"M","KachiFlavian65"
65,"Kachi66","Flavian66",23,"F","KachiFlavian66"
66,"Kachi67","Flavian67",24,"M","KachiFlavian67"
67,"Kachi68","Flavian68",25,"F","KachiFlavian68"
68,"Kachi69","Flavian69",26,"M","KachiFlavian69"
69,"Kachi70","Flavian70",27,"F","KachiFlavian70"
70,"Kachi71","Flavian71",28,"M","KachiFlavian71"
71,"Kachi72","Flavian72",29,"F","KachiFlavian72"
72,"Kachi73","Flavian73",30,"M","KachiFlavian73"
73,"Kachi74","Flavian74",31,"F","KachiFlavian74"
74,"Kachi75","Flavian75",32,"M","KachiFlavian75"
75,"Kachi76","Flavian76",33,"F","KachiFlavian76"
76,"Kachi77","Flavian77",34,"M","KachiFlavian77"
77,"Kachi78","Flavian78",35,"F","KachiFlavian78"
78,"Kachi79","Flavian79",36,"M","KachiFlavian79"
79,"Kachi80","Flavian80",37,"F","KachiFlavian80"
80,"Kachi81","Flavian81",18,"M","KachiFlavian81"
81,"Kachi82","Flavian82",19,"F","KachiFlavian82"
82,"Kachi83","Flavian83",20,"M","KachiFlavian83"
83,"Kachi84","Flavian84",21,"F","KachiFlavian84"
84,"Kachi85","Flavian85",22,"M","KachiFlavian85"
85,"Kachi86","Flavian86",23,"F","KachiFlavian86"
86,"Kachi87","Flavian87",24,"M","KachiFlavian87"
87,"Kachi88","Flavian88",25,"F","KachiFlavian88"
88,"Kachi89","Flavian89",26,"M","KachiFlavian89"
89,"Kachi90","Flavian90",27,"F","KachiFlavian90"
90,"Kachi91","Flavian91",28,"M","KachiFlavian91"
91,"Kachi92","Flavian92",29,"F","KachiFlavian92"
92,"Kachi93","Flavian93",30,"M","KachiFlavian93"
93,"Kachi94","Flavian94",31,"F","KachiFlavian94"
94,"Kachi95","Flavian95",32,"M","KachiFlavian95"
95,"Kachi96","Flavian96",33,"F","KachiFlavian96"
96,"Kachi97","Flavian97",34,"M","KachiFlavian97"
97,"Kachi98","Flavian98",35,"F","KachiFlavian98"
98,"Kachi99","Flavian99",36,"M","KachiFlavian99"
99,"Kachi100","Flavian100",37,"F","KachiFlavian100"
100,"Kachi101","Flavian101",18,"M","KachiFlavian101"
101,"Kachi102","Flavian102",19,"F","KachiFlavian102"
102,"Kachi103","Flavian103",20,"M","KachiFlavian103"
103,"Kachi104","Flavian104",21,"F","KachiFlavian104"
104,"Kachi105","Flavian105",22,"M","KachiFlavian105"
105,"Kachi106","Flavian106",23,"F","KachiFlavian106"
106,"Kachi107","Flavian107",24,"M","KachiFlavian107"
107,"Kachi108","Flavian108",25,"F","KachiFlavian108"
108,"Kachi109","Flavian109",26,"M","KachiFlavian109"
109,"Kachi110","Flavian110",27,"F","KachiFlavian110"
110,"Kachi111","Flavian111",28,"M","KachiFlavian111"
111,"Kachi112","Flavian112",29,"F","KachiFlavian112"
112,"Kachi113","Flavian113",30,"M","KachiFlavian113"
113,"Kachi114","Flavian114",31,"F","KachiFlavian114"
114,"Kachi115","Flavian115",32,"M","KachiFlavian115"
115,"Kachi116","Flavian116",33,"F","KachiFlavian116"
116,"Kachi117","Flavian117",34,"M","KachiFlavian117"
117,"Kachi118","Flavian118",35,"F","KachiFlavian118"
118,"Kachi119","Flavian119",36,"M","KachiFlavian119"
119,"Kachi120","Flavian120",37,"F","KachiFlavian120"
120,"Kachi121","Flavian121",18,"M","KachiFlavian121"
121,"Kachi122","Flavian122",19,"F","KachiFlavian122"
122,"Kachi123","Flavian123",20,"M","KachiFlavian123"
123,"Kachi124","Flavian124",21,"F","KachiFlavian124"
124,"Kachi125","Flavian125",22,"M","KachiFlavian125"
125,"Kachi126","Flavian126",23,"F","KachiFlavian126"
126,"Kachi127","Flavian127",24,"M","KachiFlavian127"
127,"Kachi128","Flavian128",25,"F","KachiFlavian128"
128,"Kachi129","Flavian129",26,"M","KachiFlavian129"
129,"Kachi130","Flavian130",27,"F","KachiFlavian130"
130,"Kachi131","Flavian131",28,"M","KachiFlavian131"
131,"Kachi132","Flavian132",29,"F","KachiFlavian132"
132,"Kachi133","Flavian133",30,"M","KachiFlavian133"
133,"Kachi134","Flavian134",31,"F","KachiFlavian134"
134,"Kachi135","Flavian135",32,"M","KachiFlavian135"
135,"Kachi136","Flavian136",33,"F","KachiFlavian136"
136,"Kachi137","Flavian137",34,"M","KachiFlavian137"
137,"Kachi138","Flavian138",35,"F","KachiFlavian138"
138,"Kachi139","Flavian139",36,"M","KachiFlavian139"
139,"Kachi140","Flavian140",37,"F","KachiFlavian140"
140,"Kachi141","Flavian141",18,"M","KachiFlavian141"
141,"Kachi142","Flavian142",19,"F","KachiFlavian142"
142,"Kachi143","Flavian143",20,"M","KachiFlavian143"
143,"Kachi144","Flavian144",21,"F","KachiFlavian144"
144,"Kachi145","Flavian145",22,"M","KachiFlavian145"
145,"Kachi146","Flavian146",23,"F","KachiFlavian146"
146,"Kachi147","Flavian147",24,"M","KachiFlavian147"
147,"Kachi148","Flavian148",25,"F","KachiFlavian148"
148,"Kachi149","Flavian149",26,"M","KachiFlavian149"
149,"Kachi150","Flavian150",27,"F","KachiFlavian150"
150,"Kachi151","Flavian151",28,"M","KachiFlavian151"
151,"Kachi152","Flavian152",29,"F","KachiFlavian152"
152,"Kachi153","Flavian153",30,"M","KachiFlavian153"
153,"Kachi154","Flavian154",31,"F","KachiFlavian154"
154,"Kachi155","Flavian155",32,"M","KachiFlavian155"
155,"Kachi156","Flavian156",33,"F","KachiFlavian156"
156,"Kachi157","Flavian157",34,"M","KachiFlavian157"
157,"Kachi158","Flavian158",35,"F","KachiFlavian158"
158,"Kachi159","Flavian159",36,"M","KachiFlavian159"
159,"Kachi160","Flavian160",37,"F","KachiFlavian160"
160,"Kachi161","Flavian161",18,"M","KachiFlavian161"
161,"Kachi162","Flavian162",19,"F","KachiFlavian162"
162,"Kachi163","Flavian163",20,"M","KachiFlavian163"
163,"Kachi164","Flavian164",21,"F","KachiFlavian164"
164,"Kachi165","Flavian165",22,"M","KachiFlavian165"
165,"Kachi166","Flavian166",23,"F","KachiFlavian166"
166,"Kachi167","Flavian167",24,"M","KachiFlavian167"
167,"Kachi168","Flavian168",25,"F","KachiFlavian168"
168,"Kachi169","Flavian169",26,"M","KachiFlavian169"
169,"Kachi170","Flavian170",27,"F","KachiFlavian170"
170,"Kachi171","Flavian171",28,"M","KachiFlavian171"
171,"Kachi172","Flavian172",29,"F","KachiFlavian172"
172,"Kachi173","Flavian173",30,"M","KachiFlavian173"
173,"Kachi174","Flavian174",31,"F","KachiFlavian174"
174,"Kachi175","Flavian175",32,"M","KachiFlavian175"
175,"Kachi176","Flavian176",33,"F","KachiFlavian176"
176,"Kachi177","Flavian177",34,"M","KachiFlavian177"
177,"Kachi178","Flavian178",35,"F","KachiFlavian178"
178,"Kachi179","Flavian179",36,"M","KachiFlavian179"
179,"Kachi180","Flavian180",37,"F","KachiFlavian180"
180,"Kachi181","Flavian181",18,"M","KachiFlavian181"
181,"Kachi182","Flavian182",19,"F","KachiFlavian182"
182,"Kachi183","Flavian183",20,"M","KachiFlavian183"
183,"Kachi184","Flavian184",21,"F","KachiFlavian184"
184,"Kachi185","Flavian185",22,"M","KachiFlavian185"
185,"Kachi186","Flavian186",23,"F","KachiFlavian186"
186,"Kachi187","Flavian187",24,"M","KachiFlavian187"
187,"Kachi188","Flavian188",25,"F","KachiFlavian188"
188,"Kachi189","Flavian189",26,"M","KachiFlavian189"
189,"Kachi190","Flavian190",27,"F","KachiFlavian190"
190,"Kachi191","Flavian191",28,"M","KachiFlavian191"
191,"Kachi192","Flavian192",29,"F","KachiFlavian192"
192,"Kachi193","Flavian193",30,"M","KachiFlavian193"
193,"Kachi194","Flavian194",31,"F","KachiFlavian194"
194,"Kachi195","Flavian195",32,"M","KachiFlavian195"
195,"Kachi196","Flavian196",33,"F","KachiFlavian196"
196,"Kachi197","Flavian197",34,"M","KachiFlavian197"
197,"Kachi198","Flavian198",35,"F","KachiFlavian198"
198,"Kachi199","Flavian199",36,"M","KachiFlavian199"
199,"Kachi200","Flavian200",37,"F","KachiFlavian200"
200,"Kachi201","Flavian201",18,"M","KachiFlavian201"
201,"Kachi202","Flavian202",19,"F","KachiFlavian202"
202,"Kachi203","Flavian203",20,"M","KachiFlavian203"
203,"Kachi204","Flavian204",21,"F","KachiFlavian204"
204,"Kachi205","Flavian205",22,"M","KachiFlavian205"
205,"Kachi206","Flavian206",23,"F","KachiFlavian206"
206,"Kachi207","Flavian207",24,"M","KachiFlavian207"
207,"Kachi208","Flavian208",25,"F","KachiFlavian208"
208,"Kachi209","Flavian209",26,"M","KachiFlavian209"
209,"Kachi210","Flavian210",27,"F","KachiFlavian210"
210,"Kachi211","Flavian211",28,"M","KachiFlavian211"
211,"Kachi212","Flavian212",29,"F","KachiFlavian212"
212,"Kachi213","Flavian213",30,"M","KachiFlavian213"
213,"Kachi214","Flavian214",31,"F","KachiFlavian214"
214,"Kachi215","Flavian215",32,"M","KachiFlavian215"
215,"Kachi216","Flavian216",33,"F","KachiFlavian216"
216,"Kachi217","Flavian217",34,"M","KachiFlavian217"
217,"Kachi218","Flavian218",35,"F","KachiFlavian218"
218,"Kachi219","Flavian219",36,"M","KachiFlavian219"
219,"Kachi220","Flavian220",37,"F","KachiFlavian220"
220,"Kachi221","Flavian221",18,"M","KachiFlavian221"
221,"Kachi222","Flavian222",19,"F","KachiFlavian222"
222,"Kachi223","Flavian223",20,"M","KachiFlavian223"
223,"Kachi224","Flavian224",21,"F","KachiFlavian224"
224,"Kachi225","Flavian225",22,"M","KachiFlavian225"
225,"Kachi226","Flavian226",23,"F","KachiFlavian226"
226,"Kachi227","Flavian227",24,"M","KachiFlavian227"
227,"Kachi228","Flavian228",25,"F","KachiFlavian228"
228,"Kachi229","Flavian229",26,"M","KachiFlavian229"
229,"Kachi230","Flavian230",27,"F","KachiFlavian230"
230,"Kachi231","Flavian231",28,"M","KachiFlavian231"
231,"Kachi232","Flavian232",29,"F","KachiFlavian232"
232,"Kachi233","Flavian233",30,"M","KachiFlavian233"
233,"Kachi234","Flavian234",31,"F","KachiFlavian234"
234,"Kachi235","Flavian235",32,"M","KachiFlavian235"
235,"Kachi236","Flavian236",33,"F","KachiFlavian236"
236,"Kachi237","Flavian237",34,"M","KachiFlavian237"
237,"Kachi238","Flavian238",35,"F","KachiFlavian238"
238,"Kachi239","Flavian239",36,"M","KachiFlavian239"
239,"Kachi240","Flavian240",37,"F","KachiFlavian240"
240,"Kachi241","Flavian241",18,"M","KachiFlavian241"
241,"Kachi242","Flavian242",19,"F","KachiFlavian242"
242,"Kachi243","Flavian243",20,"M","KachiFlavian243"
243,"Kachi244","Flavian244",21,"F","KachiFlavian244"
244,"Kachi245","Flavian245",22,"M","KachiFlavian245"
245,"Kachi246","Flavian246",23,"F","KachiFlavian246"
246,"Kachi247","Flavian247",24,"M","KachiFlavian247"
247,"Kachi248","Flavian248",25,"F","KachiFlavian248"
248,"Kachi249","Flavian249",26,"M","KachiFlavian249"
249,"Kachi250","Flavian250",27,"F","KachiFlavian250"
250,"Kachi251","Flavian251",28,"M","KachiFlavian251"
251,"Kachi252","Flavian252",29,"F","KachiFlavian252"
252,"Kachi253","Flavian253",30,"M","KachiFlavian253"
253,"Kachi254","Flavian254",31,"F","KachiFlavian254"
254,"Kachi255","Flavian255",32,"M","KachiFlavian255"
255,"Kachi256","Flavian256",33,"F","KachiFlavian256"
256,"Kachi257","Flavian257",34,"M","KachiFlavian257"
257,"Kachi258","Flavian258",35,"F","KachiFlavian258"
258,"Kachi259","Flavian259",36,"M","KachiFlavian259"
259,"Kachi260","Flavian260",37,"F","KachiFlavian260"
260,"Kachi261","Flavian261",18,"M","KachiFlavian261"
261,"Kachi262","Flavian262",19,"F","KachiFlavian262"
262,"Kachi263","Flavian263",20,"M","KachiFlavian263"
263,"Kachi264","Flavian264",21,"F","KachiFlavian264"
264,"Kachi265","Flavian265",22,"M","KachiFlavian265"
265,"Kachi266","Flavian266",23,"F","KachiFlavian266"
266,"Kachi267","Flavian267",24,"M","KachiFlavian267"
267,"Kachi268","Flavian268",25,"F","KachiFlavian268"
268,"Kachi269","Flavian269",26,"M","KachiFlavian269"
269,"Kachi270","Flavian270",27,"F","KachiFlavian270"
270,"Kachi271","Flavian271",28,"M","KachiFlavian271"
271,"Kachi272","Flavian272",29,"F","KachiFlavian272"
272,"Kachi273","Flavian273",30,"M","KachiFlavian273"
273,"Kachi274","Flavian274",31,"F","KachiFlavian274"
274,"Kachi275","Flavian275",32,"M","KachiFlavian275"
275,"Kachi276","Flavian276",33,"F","KachiFlavian276"
276,"Kachi277","Flavian277",34,"M","KachiFlavian277"
277,"Kachi278","Flavian278",35,"F","KachiFlavian278"
278,"Kachi279","Flavian279",36,"M","KachiFlavian279"
279,"Kachi280","Flavian280",37,"F","KachiFlavian280"
280,"Kachi281","Flavian281",18,"M","KachiFlavian281"
281,"Kachi282","Flavian282",19,"F","KachiFlavian282"
282,"Kachi283","Flavian283",20,"M","KachiFlavian283"
283,"Kachi284","Flavian284",21,"F","KachiFlavian284"
284,"Kachi285","Flavian285",22,"M","KachiFlavian285"
285,"Kachi286","Flavian286",23,"F","KachiFlavian286"
286,"Kachi287","Flavian287",24,"M","KachiFlavian287"
287,"Kachi288","Flavian288",25,"F","KachiFlavian288"
288,"Kachi289","Flavian289",26,"M","KachiFlavian289"
289,"Kachi290","Flavian290",27,"F","KachiFlavian290"
290,"Kachi291","Flavian291",28,"M","KachiFlavian291"
291,"Kachi292","Flavian292",29,"F","KachiFlavian292"
292,"Kachi293","Flavian293",30,"M","KachiFlavian293"
293,"Kachi294","Flavian294",31,"F","KachiFlavian294"
294,"Kachi295","Flavian295",32,"M","KachiFlavian295"
295,"Kachi296","Flavian296",33,"F","KachiFlavian296"
296,"Kachi297","Flavian297",34,"M","KachiFlavian297"
297,"Kachi298","Flavian298",35,"F","KachiFlavian298"
298,"Kachi299","Flavian299",36,"M","KachiFlavian299"
299,"Kachi300","Flavian300",37,"F","KachiFlavian300"
300,"Kachi301","Flavian301",18,"M","KachiFlavian301"
